Workbook

Sheet 06
A1: ="令和"&'[1]A-1'!$E$9-2018&"年度ウニガラ受入れ簿" -> 令和9年度ウニガラ受入れ簿
A2: 6 | B2: 月 | G2: (単位:kg)
B3: 鬼 脇 | C3: 鴛 泊 | E3: 仙法志 | G3: 沓 形 | H3: 全地区
B4: 神造船建設 | C4: 亀田建設 | D4: 山本建設 | E4: 吉田産業 | F4: 藤井組 | G4: 利尻島運輸 | H4: 合 計
A5: 1 | H5: =IF(SUM(B5:G5)=0,"",SUM(B5:G5))
A6: 2 | H6: =IF(SUM(B6:G6)=0,"",SUM(B6:G6))
A7: 3 | H7: =IF(SUM(B7:G7)=0,"",SUM(B7:G7))
A8: 4 | H8: =IF(SUM(B8:G8)=0,"",SUM(B8:G8))
A9: 5 | H9: =IF(SUM(B9:G9)=0,"",SUM(B9:G9))
A10: 6 | H10: =IF(SUM(B10:G10)=0,"",SUM(B10:G10))
A11: 7 | H11: =IF(SUM(B11:G11)=0,"",SUM(B11:G11))
A12: 8 | H12: =IF(SUM(B12:G12)=0,"",SUM(B12:G12))
A13: 9 | H13: =IF(SUM(B13:G13)=0,"",SUM(B13:G13))
A14: 10 | H14: =IF(SUM(B14:G14)=0,"",SUM(B14:G14))
A15: 11 | H15: =IF(SUM(B15:G15)=0,"",SUM(B15:G15))
A16: 12 | H16: =IF(SUM(B16:G16)=0,"",SUM(B16:G16))
... A34: 30 | H34: =IF(SUM(B34:G34)=0,"",SUM(B34:G34))
H35: =IF(SUM(B35:G35)=0,"",SUM(B35:G35))
A36: 計 | B36: =IF(SUM(B5:B35)=0,"",SUM(B5:B35)) | C36: =IF(SUM(C5:C35)=0,"",SUM(C5:C35)) | D36: =IF(SUM(D5:D35)=0,"",SUM(D5:D35)) | E36: =IF(SUM(E5:E35)=0,"",SUM(E5:E35)) | F36: =IF(SUM(F5:F35)=0,"",SUM(F5:F35)) | G36: =IF(SUM(G5:G35)=0,"",SUM(G5:G35)) | H36: =IF(SUM(B36:G36)=0,"",SUM(B36:G36))

Sheet 07
A1: ='06'!A1:H1 -> 令和9年度ウニガラ受入れ簿
A2: 7 | B2: 月 | G2: (単位:kg)
B3: 鬼 脇 | C3: 鴛 泊 | E3: 仙法志 | G3: 沓 形 | H3: 全地区
B4: 神造船建設 | C4: 亀田建設 | D4: 山本建設 | E4: 吉田産業 | F4: 藤井組 | G4: 利尻島運輸 | H4: 合 計
A5: 1 | H5: =IF(SUM(B5:G5)=0,"",SUM(B5:G5))
A6: 2 | H6: =IF(SUM(B6:G6)=0,"",SUM(B6:G6))
A7: 3 | H7: =IF(SUM(B7:G7)=0,"",SUM(B7:G7))
A8: 4 | H8: =IF(SUM(B8:G8)=0,"",SUM(B8:G8))
A9: 5 | H9: =IF(SUM(B9:G9)=0,"",SUM(B9:G9))
A10: 6 | H10: =IF(SUM(B10:G10)=0,"",SUM(B10:G10))
A11: 7 | H11: =IF(SUM(B11:G11)=0,"",SUM(B11:G11))
A12: 8 | H12: =IF(SUM(B12:G12)=0,"",SUM(B12:G12))
A13: 9 | H13: =IF(SUM(B13:G13)=0,"",SUM(B13:G13))
A14: 10 | H14: =IF(SUM(B14:G14)=0,"",SUM(B14:G14))
A15: 11 | H15: =IF(SUM(B15:G15)=0,"",SUM(B15:G15))
A16: 12 | H16: =IF(SUM(B16:G16)=0,"",SUM(B16:G16))
... A35: 31 | H35: =IF(SUM(B35:G35)=0,"",SUM(B35:G35))
A36: 計 | B36: =IF(SUM(B5:B35)=0,"",SUM(B5:B35)) | C36: =IF(SUM(C5:C35)=0,"",SUM(C5:C35)) | D36: =IF(SUM(D5:D35)=0,"",SUM(D5:D35)) | E36: =IF(SUM(E5:E35)=0,"",SUM(E5:E35)) | F36: =IF(SUM(F5:F35)=0,"",SUM(F5:F35)) | G36: =IF(SUM(G5:G35)=0,"",SUM(G5:G35)) | H36: =IF(SUM(B36:G36)=0,"",SUM(B36:G36))

Sheet 08
A1: ='06'!A1:H1 -> 令和9年度ウニガラ受入れ簿
A2: 8 | B2: 月 | G2: (単位:kg)
B3: 鬼 脇 | C3: 鴛 泊 | E3: 仙法志 | G3: 沓 形 | H3: 全地区
B4: 神造船建設 | C4: 亀田建設 | D4: 山本建設 | E4: 吉田産業 | F4: 藤井組 | G4: 利尻島運輸 | H4: 合 計
A5: 1 | H5: =IF(SUM(B5:G5)=0,"",SUM(B5:G5))
A6: 2 | H6: =IF(SUM(B6:G6)=0,"",SUM(B6:G6))
A7: 3 | H7: =IF(SUM(B7:G7)=0,"",SUM(B7:G7))
A8: 4 | H8: =IF(SUM(B8:G8)=0,"",SUM(B8:G8))
A9: 5 | H9: =IF(SUM(B9:G9)=0,"",SUM(B9:G9))
A10: 6 | H10: =IF(SUM(B10:G10)=0,"",SUM(B10:G10))
A11: 7 | H11: =IF(SUM(B11:G11)=0,"",SUM(B11:G11))
A12: 8 | H12: =IF(SUM(B12:G12)=0,"",SUM(B12:G12))
A13: 9 | H13: =IF(SUM(B13:G13)=0,"",SUM(B13:G13))
A14: 10 | H14: =IF(SUM(B14:G14)=0,"",SUM(B14:G14))
A15: 11 | H15: =IF(SUM(B15:G15)=0,"",SUM(B15:G15))
A16: 12 | H16: =IF(SUM(B16:G16)=0,"",SUM(B16:G16))
... A35: 31 | H35: =IF(SUM(B35:G35)=0,"",SUM(B35:G35))
A36: 計 | B36: =IF(SUM(B5:B35)=0,"",SUM(B5:B35)) | C36: =IF(SUM(C5:C35)=0,"",SUM(C5:C35)) | D36: =IF(SUM(D5:D35)=0,"",SUM(D5:D35)) | E36: =IF(SUM(E5:E35)=0,"",SUM(E5:E35)) | F36: =IF(SUM(F5:F35)=0,"",SUM(F5:F35)) | G36: =IF(SUM(G5:G35)=0,"",SUM(G5:G35)) | H36: =IF(SUM(B36:G36)=0,"",SUM(B36:G36))

Sheet 09
A1: ='06'!A1:H1 -> 令和9年度ウニガラ受入れ簿
A2: 9 | B2: 月 | G2: (単位:kg)
B3: 鬼 脇 | C3: 鴛 泊 | E3: 仙法志 | G3: 沓 形 | H3: 全地区
B4: 神造船建設 | C4: 亀田建設 | D4: 山本建設 | E4: 吉田産業 | F4: 藤井組 | G4: 利尻島運輸 | H4: 合 計
A5: 1 | H5: =IF(SUM(B5:G5)=0,"",SUM(B5:G5))
A6: 2 | H6: =IF(SUM(B6:G6)=0,"",SUM(B6:G6))
A7: 3 | H7: =IF(SUM(B7:G7)=0,"",SUM(B7:G7))
A8: 4 | H8: =IF(SUM(B8:G8)=0,"",SUM(B8:G8))
A9: 5 | H9: =IF(SUM(B9:G9)=0,"",SUM(B9:G9))
A10: 6 | H10: =IF(SUM(B10:G10)=0,"",SUM(B10:G10))
A11: 7 | H11: =IF(SUM(B11:G11)=0,"",SUM(B11:G11))
A12: 8 | H12: =IF(SUM(B12:G12)=0,"",SUM(B12:G12))
A13: 9 | H13: =IF(SUM(B13:G13)=0,"",SUM(B13:G13))
A14: 10 | H14: =IF(SUM(B14:G14)=0,"",SUM(B14:G14))
A15: 11 | H15: =IF(SUM(B15:G15)=0,"",SUM(B15:G15))
A16: 12 | H16: =IF(SUM(B16:G16)=0,"",SUM(B16:G16))
... A34: 30 | H34: =IF(SUM(B34:G34)=0,"",SUM(B34:G34))
A35: 計 | H35: =IF(SUM(B35:G35)=0,"",SUM(B35:G35))
A36: 総計 | B36: =SUM('06'!B36)+SUM('07'!B36)+SUM('08'!B36)+SUM(B35) -> 0 | C36: =SUM('06'!C36)+SUM('07'!C36)+SUM('08'!C36)+SUM(C35) -> 0 | D36: =SUM('06'!D36)+SUM('07'!D36)+SUM('08'!D36)+SUM(D35) -> 0 | E36: =SUM('06'!E36)+SUM('07'!E36)+SUM('08'!E36)+SUM(E35) -> 0 | F36: =SUM('06'!F36)+SUM('07'!F36)+SUM('08'!F36)+SUM(F35) -> 0 | G36: =SUM('06'!G36)+SUM('07'!G36)+SUM('08'!G36)+SUM(G35) -> 0 | H36: =SUM('06'!H36)+SUM('07'!H36)+SUM('08'!H36)+SUM(H35) -> 0

Sheet 実績
A1: ="令和"&'[1]A-1'!$E$9-2018&"年度ウニガラ受入れ実績表" -> 令和9年度ウニガラ受入れ実績表
B3: 鬼 脇 | C3: 鴛 泊 | E3: 仙法志 | G3: 沓 形 | H3: 全地区
B4: 神造船建設 | C4: 亀田建設 | D4: 山本建設 | E4: 吉田産業 | F4: 藤井組 | G4: 利尻島運輸 | H4: 合 計
A5: 6月 | B5: ='06'!B36 | C5: ='06'!C36 | D5: ='06'!D36 | E5: ='06'!E36 | F5: ='06'!F36 | G5: ='06'!G36 | H5: ='06'!H36
A6: 7月 | B6: ='07'!B36 | C6: ='07'!C36 | D6: ='07'!D36 | E6: ='07'!E36 | F6: ='07'!F36 | G6: ='07'!G36 | H6: ='07'!H36
A7: 8月 | B7: ='08'!B36 | C7: ='08'!C36 | D7: ='08'!D36 | E7: ='08'!E36 | F7: ='08'!F36 | G7: ='08'!G36 | H7: ='08'!H36
A8: 9月 | B8: ='09'!B35 -> 0 | C8: ='09'!C35 -> 0 | D8: ='09'!D35 -> 0 | E8: ='09'!E35 -> 0 | F8: ='09'!F35 -> 0 | G8: ='09'!G35 -> 0 | H8: ='09'!H35
B11: 鬼 脇 | C11: 鴛 泊 | D11: 仙法志 | E11: 沓 形 | F11: 全地区
A12: 合計 | B12: =SUM(B5:B8) -> 0 | C12: =SUM(C5:D8) -> 0 | D12: =SUM(E5:F8) -> 0 | E12: =SUM(G5:G8) -> 0 | F12: =SUM(B12:E12) -> 0 | G12: ※単位 | H12: kg

Sheet サケ
A1: ="令和"&'[1]A-1'!$E$9-2018&"年度さけ残渣受入れ簿" -> 令和9年度さけ残渣受入れ簿
A2: 9 | B2: 月 | D2: (単位:kg) | E2: 10 | F2: 月 | H2: (単位:kg)
B3: 福士水産㈱ | C3: 米田水産㈱ | D3: 利尻漁協鬼脇 | F3: 福士水産㈱ | G3: 米田水産㈱ | H3: 利尻漁協鬼脇
A4: 1 | E4: 1
A5: 2 | E5: 2
A6: 3 | E6: 3
A7: 4 | E7: 4
A8: 5 | E8: 5
A9: 6 | E9: 6
A10: 7 | E10: 7
A11: 8 | E11: 8
A12: 9 | E12: 9
A13: 10 | E13: 10
A14: 11 | E14: 11
A15: 12 | E15: 12
... A33: 30 | E33: 30
E34: 31
A35: 計 | B35: =SUM(B4:B34) -> 0 | C35: =SUM(C4:C34) -> 0 | D35: =SUM(D4:D34) -> 0 | E35: 計 | F35: =SUM(F4:F34) -> 0 | G35: =SUM(G4:G34) -> 0 | H35: =SUM(H4:H34) -> 0
E36: 合計
