Workbook

Sheet 鴛泊浄化
A1: 納 額 通 知 書 | O1: 領 収 書
A3: 第 号 | G3: (納人) | I3: 利尻富士町 | O3: 第 号 | U3: (納人) | W3: 利尻富士町
A4: 令和 年度 | H4: 鴛泊下水浄化センター | L4: 様 | O4: =A4 -> 令和 年度 | V4: 鴛泊下水浄化センター | Z4: 様
A5: 歳計外 | E5: 北海道循環資源利用促進税 | O5: =A5 -> 歳計外 | S5: =E5 -> 北海道循環資源利用促進税
A7: 金 | I7: 千 | J7: 百 | K7: 十 | L7: 円 | O7: 金 | W7: 千 | X7: 百 | Y7: 十 | Z7: 円
R8: =D8 -> 0
A9: 上記 | D9: 月分 | R9: =D9 -> 月分
A10: 本組合会計管理者に納付せられたい | O10: 上記の金額領収しました
A11: 令和 年 月 日 | O11: =A11 -> 令和 年 月 日
B12: 利尻郡清掃施設組合 | P12: 利尻郡清掃施設組合
A13: 組 合 長 田村 祥三 | O13: 会 計 管 理 者 熊 谷 洋 人
A21: 納 額 通 知 書
A23: =A3 -> 第 号 | G23: (納人) | I23: 利尻富士町
A24: =A4 -> 令和 年度 | H24: 鴛泊下水浄化センター | L24: 様
A25: 歳計外 | E25: 北海道循環資源利用促進税
A27: 金 | I27: 千 | J27: 百 | K27: 十 | L27: 円
D28: =D8 -> 0
A29: 上記 | D29: 月分
A30: 本組合会計管理者に納付せられたい
A31: =A11 -> 令和 年 月 日
B32: 利尻郡清掃施設組合
A33: 組 合 長 田村 祥三

Sheet 沓形浄化
A1: 納 額 通 知 書 | O1: 領 収 書
A3: 第 号 | G3: (納人) | I3: 利尻町 | O3: 第 号 | U3: (納人) | W3: 利尻町
A4: =鴛泊浄化!A4 -> 令和 年度 | H4: 沓形浄化センター | L4: 様 | O4: =鴛泊浄化!O4 -> 令和 年度 | V4: 沓形浄化センター | Z4: 様
A5: 歳計外 | E5: 北海道循環資源利用促進税 | O5: =A5 -> 歳計外 | S5: =E5 -> 北海道循環資源利用促進税
A7: 金 | I7: 千 | J7: 百 | K7: 十 | L7: 円 | O7: 金 | W7: 千 | X7: 百 | Y7: 十 | Z7: 円
R8: =D8 -> 0
A9: 上記 | D9: 月分 | R9: =D9 -> 月分
A10: 本組合会計管理者に納付せられたい | O10: 上記の金額領収しました
A11: 令和 年 月 日 | O11: =A11 -> 令和 年 月 日
B12: 利尻郡清掃施設組合 | P12: 利尻郡清掃施設組合
A13: 組 合 長 田村 祥三 | O13: 会 計 管 理 者 熊 谷 洋 人
A21: 納 額 通 知 書
A23: =A3 -> 第 号 | G23: (納人) | I23: 利尻町
A24: =鴛泊浄化!A24 -> 令和 年度 | H24: 沓形浄化センター | L24: 様
A25: 歳計外 | E25: 北海道循環資源利用促進税
A27: 金 | I27: 千 | J27: 百 | K27: 十 | L27: 円
D28: =D8 -> 0
A29: 上記 | D29: 月分
A30: 本組合会計管理者に納付せられたい
A31: =A11 -> 令和 年 月 日
B32: 利尻郡清掃施設組合
A33: 組 合 長 田村 祥三

Sheet 粗大
B1: 納 額 通 知 書 | R1: 領 収 書
B3: 第 号 | H3: (納人) | J3: 北海道 | R3: =B3 -> 第 号 | X3: (納人) | Z3: 北海道
B4: =鴛泊浄化!A4 -> 令和 年度 | I4: 利尻高等学校 | M4: 様 | R4: =鴛泊浄化!A4 -> 令和 年度 | Y4: 利尻高等学校 | AC4: 様
B5: 使用料及び手数料 | F5: 粗大ごみ手数料 | R5: =B5 -> 使用料及び手数料 | V5: =F5 -> 粗大ごみ手数料
B7: 金 | J7: 千 | K7: 百 | L7: 十 | M7: 円 | R7: 金 | Z7: 千 | AA7: 百 | AB7: 十 | AC7: 円
U8: =E8 -> 0
B9: 上記 | E9: ８ 月分 | U9: =E9 -> ８ 月分
B10: 本組合会計管理者に納付せられたい | R10: 上記の金額領収しました
B11: 令和 年 月 日 | R11: =B11 -> 令和 年 月 日
C12: 利尻郡清掃施設組合 | S12: 利尻郡清掃施設組合
B13: 組 合 長 田村 祥三 | R13: 会 計 管 理 者 熊 谷 洋 人
B21: 納 額 通 知 書
B23: =B3 -> 第 号 | H23: (納人) | J23: 北海道
B24: =鴛泊浄化!A4 -> 令和 年度 | I24: 利尻高等学校 | M24: 様
B25: 使用料及び手数料 | F25: 粗大ごみ手数料
B27: 金 | J27: 千 | K27: 百 | L27: 十 | M27: 円
E28: =E8 -> 0
B29: 上記 | E29: ８月分
B30: 本組合会計管理者に納付せられたい
B31: =B11 -> 令和 年 月 日
C32: 利尻郡清掃施設組合
B33: 組 合 長 田村 祥三
