Workbook

Sheet Sheet1
A1: 平成30年度 粗大ごみ処理手数料
B2: 区 分 | D2: ４月 | E2: ５月 | F2: ６月 | G2: ７月 | H2: ８月 | I2: ９月 | J2: １０月 | K2: １１月 | L2: １２月 | M2: １月 | N2: ２月 | O2: ３月 | P2: 計
A3: 件数 | B3: 大 | C3: 1000 | D3: =SUM([1]調定04!$G$4:$G$999)/$C$3 -> 0 | E3: =SUM([1]調定05!$G$4:$G$999)/$C$3 -> 0 | F3: =SUM([1]調定06!$G$4:$G$999)/$C$3 -> 0 | G3: =SUM([1]調定07!$G$4:$G$999)/$C$3 -> 0 | H3: =SUM([1]調定08!$G$4:$G$999)/$C$3 -> 0 | I3: =SUM([1]調定09!$G$4:$G$999)/$C$3 -> 0 | J3: =SUM([1]調定10!$G$4:$G$999)/$C$3 -> 0 | K3: =SUM([1]調定11!$G$4:$G$999)/$C$3 -> 0 | L3: =SUM([1]調定12!$G$4:$G$999)/$C$3 -> 0 | M3: =SUM([1]調定01!$G$4:$G$999)/$C$3 -> 0 | N3: =SUM([1]調定02!$G$4:$G$999)/$C$3 -> 0 | O3: =SUM([1]調定03!$G$4:$G$999)/$C$3 -> 0 | P3: =SUM(D3:O3) -> 0
B4: 中 | C4: 800 | D4: =SUM([1]調定04!$F$4:$F$999)/$C$4 -> 0 | E4: =SUM([1]調定05!$F$4:$F$999)/$C$4 -> 0 | F4: =SUM([1]調定06!$F$4:$F$999)/$C$4 -> 0 | G4: =SUM([1]調定07!$F$4:$F$999)/$C$4 -> 0 | H4: =SUM([1]調定08!$F$4:$F$999)/$C$4 -> 0 | I4: =SUM([1]調定09!$F$4:$F$999)/$C$4 -> 0 | J4: =SUM([1]調定10!$F$4:$F$999)/$C$4 -> 0 | K4: =SUM([1]調定11!$F$4:$F$999)/$C$4 -> 0 | L4: =SUM([1]調定12!$F$4:$F$999)/$C$4 -> 0 | M4: =SUM([1]調定01!$F$4:$F$999)/$C$4 -> 0 | N4: =SUM([1]調定02!$F$4:$F$999)/$C$4 -> 0 | O4: =SUM([1]調定03!$F$4:$F$999)/$C$4 -> 0 | P4: =SUM(D4:O4) -> 0
B5: 小 | C5: 500 | D5: =SUM([1]調定04!$E$4:$E$999)/$C$5 -> 0 | E5: =SUM([1]調定05!$E$4:$E$999)/$C$5 -> 0 | F5: =SUM([1]調定06!$E$4:$E$999)/$C$5 -> 0 | G5: =SUM([1]調定07!$E$4:$E$999)/$C$5 -> 0 | H5: =SUM([1]調定08!$E$4:$E$999)/$C$5 -> 0 | I5: =SUM([1]調定09!$E$4:$E$999)/$C$5 -> 0 | J5: =SUM([1]調定10!$E$4:$E$999)/$C$5 -> 0 | K5: =SUM([1]調定11!$E$4:$E$999)/$C$5 -> 0 | L5: =SUM([1]調定12!$E$4:$E$999)/$C$5 -> 0 | M5: =SUM([1]調定01!$E$4:$E$999)/$C$5 -> 0 | N5: =SUM([1]調定02!$E$4:$E$999)/$C$5 -> 0 | O5: =SUM([1]調定03!$E$4:$E$999)/$C$5 -> 0 | P5: =SUM(D5:O5) -> 0
A7: 金額 | B7: 大 | C7: 1000 | D7: =D3*$C3 -> 0 | E7: =E3*$C3 -> 0 | F7: =F3*$C3 -> 0 | G7: =G3*$C3 -> 0 | H7: =H3*$C3 -> 0 | I7: =I3*$C3 -> 0 | J7: =J3*$C3 -> 0 | K7: =K3*$C3 -> 0 | ... O7: =O3*$C3 -> 0 | P7: =SUM(D7:O7) -> 0
B8: 中 | C8: 800 | D8: =D4*$C4 -> 0 | E8: =E4*$C4 -> 0 | F8: =F4*$C4 -> 0 | G8: =G4*$C4 -> 0 | H8: =H4*$C4 -> 0 | I8: =I4*$C4 -> 0 | J8: =J4*$C4 -> 0 | K8: =K4*$C4 -> 0 | ... O8: =O4*$C4 -> 0 | P8: =SUM(D8:O8) -> 0
B9: 小 | C9: 500 | D9: =D5*$C5 -> 0 | E9: =E5*$C5 -> 0 | F9: =F5*$C5 -> 0 | G9: =G5*$C5 -> 0 | H9: =H5*$C5 -> 0 | I9: =I5*$C5 -> 0 | J9: =J5*$C5 -> 0 | K9: =K5*$C5 -> 0 | ... O9: =O5*$C5 -> 0 | P9: =SUM(D9:O9) -> 0
A10: 計 | D10: =IF(SUM(D7:D9)=0,"",SUM(D7:D9)) | E10: =IF(SUM(E7:E9)=0,"",SUM(E7:E9)) | F10: =IF(SUM(F7:F9)=0,"",SUM(F7:F9)) | G10: =IF(SUM(G7:G9)=0,"",SUM(G7:G9)) | H10: =IF(SUM(H7:H9)=0,"",SUM(H7:H9)) | I10: =IF(SUM(I7:I9)=0,"",SUM(I7:I9)) | J10: =IF(SUM(J7:J9)=0,"",SUM(J7:J9)) | K10: =IF(SUM(K7:K9)=0,"",SUM(K7:K9)) | ... O10: =IF(SUM(O7:O9)=0,"",SUM(O7:O9)) | P10: =SUM(P7:P9) -> 0
A12: 平成30年度 あわせ処理産業廃棄物処理手数料
B13: 区 分 | D13: ４月 | E13: ５月 | F13: ６月 | G13: ７月 | H13: ８月 | I13: ９月 | J13: １０月 | K13: １１月 | L13: １２月 | M13: １月 | N13: ２月 | O13: ３月 | P13: 計
A14: 件数 | B14: 木くず | C14: 10 | D14: =COUNT([2]調定04!$E$1:$E$999) -> 0 | E14: =COUNT([2]調定05!$E$1:$E$999) -> 0 | F14: =COUNT([2]調定06!$E$1:$E$999) -> 0 | G14: =COUNT([2]調定07!$E$1:$E$999) -> 0 | H14: =COUNT([2]調定08!$E$1:$E$999) -> 0 | I14: =COUNT([2]調定09!$E$1:$E$999) -> 0 | J14: =COUNT([2]調定10!$E$1:$E$999) -> 0 | K14: =COUNT([2]調定11!$E$1:$E$999) -> 0 | L14: =COUNT([2]調定12!$E$1:$E$999) -> 0 | M14: =COUNT([2]調定01!$E$1:$E$999) -> 0 | N14: =COUNT([2]調定02!$E$1:$E$999) -> 0 | O14: =COUNT([2]調定03!$E$1:$E$999) -> 0 | P14: =SUM(D14:O14) -> 0
B15: 動植物性 | C15: 10 | D15: =COUNT([2]調定04!$F$1:$F$999) -> 0 | E15: =COUNT([2]調定05!$F$1:$F$999) -> 0 | F15: =COUNT([2]調定06!$F$1:$F$999) -> 0 | G15: =COUNT([2]調定07!$F$1:$F$999) -> 0 | H15: =COUNT([2]調定08!$F$1:$F$999) -> 0 | I15: =COUNT([2]調定09!$F$1:$F$999) -> 0 | J15: =COUNT([2]調定10!$F$1:$F$999) -> 0 | K15: =COUNT([2]調定11!$F$1:$F$999) -> 0 | L15: =COUNT([2]調定12!$F$1:$F$999) -> 0 | M15: =COUNT([2]調定01!$F$1:$F$999) -> 0 | N15: =COUNT([2]調定02!$F$1:$F$999) -> 0 | O15: =COUNT([2]調定03!$F$1:$F$999) -> 0 | P15: =SUM(D15:O15) -> 0
B16: 医療系 | C16: 10 | D16: =COUNT([2]調定04!$G$1:$G$999) -> 0 | E16: =COUNT([2]調定05!$G$1:$G$999) -> 0 | F16: =COUNT([2]調定06!$G$1:$G$999) -> 0 | G16: =COUNT([2]調定07!$G$1:$G$999) -> 0 | H16: =COUNT([2]調定08!$G$1:$G$999) -> 0 | I16: =COUNT([2]調定09!$G$1:$G$999) -> 0 | J16: =COUNT([2]調定10!$G$1:$G$999) -> 0 | K16: =COUNT([2]調定11!$G$1:$G$999) -> 0 | L16: =COUNT([2]調定12!$G$1:$G$999) -> 0 | M16: =COUNT([2]調定01!$G$1:$G$999) -> 0 | N16: =COUNT([2]調定02!$G$1:$G$999) -> 0 | O16: =COUNT([2]調定03!$G$1:$G$999) -> 0 | P16: =SUM(D16:O16) -> 0
A18: 金額 | B18: 木くず | C18: 10 | D18: =SUM([2]調定04!$E$4:$E$999) -> 0 | E18: =SUM([2]調定05!$E$4:$E$999) -> 0 | F18: =SUM([2]調定06!$E$4:$E$999) -> 0 | G18: =SUM([2]調定07!$E$4:$E$999) -> 0 | H18: =SUM([2]調定08!$E$4:$E$999) -> 0 | I18: =SUM([2]調定09!$E$4:$E$999) -> 0 | J18: =SUM([2]調定10!$E$4:$E$999) -> 0 | K18: =SUM([2]調定11!$E$4:$E$999) -> 0 | L18: =SUM([2]調定12!$E$4:$E$999) -> 0 | M18: =SUM([2]調定01!$E$4:$E$999) -> 0 | N18: =SUM([2]調定02!$E$4:$E$999) -> 0 | O18: =SUM([2]調定03!$E$4:$E$999) -> 0 | P18: =SUM(D18:O18) -> 0
B19: 動植物性 | C19: 10 | D19: =SUM([2]調定04!$F$4:$F$999) -> 0 | E19: =SUM([2]調定05!$F$4:$F$999) -> 0 | F19: =SUM([2]調定06!$F$4:$F$999) -> 0 | G19: =SUM([2]調定07!$F$4:$F$999) -> 0 | H19: =SUM([2]調定08!$F$4:$F$999) -> 0 | I19: =SUM([2]調定09!$F$4:$F$999) -> 0 | J19: =SUM([2]調定10!$F$4:$F$999) -> 0 | K19: =SUM([2]調定11!$F$4:$F$999) -> 0 | L19: =SUM([2]調定12!$F$4:$F$999) -> 0 | M19: =SUM([2]調定01!$F$4:$F$999) -> 0 | N19: =SUM([2]調定02!$F$4:$F$999) -> 0 | O19: =SUM([2]調定03!$F$4:$F$999) -> 0 | P19: =SUM(D19:O19) -> 0
B20: 医療系 | C20: 10 | D20: =SUM([2]調定04!$G$4:$G$999) -> 0 | E20: =SUM([2]調定05!$G$4:$G$999) -> 0 | F20: =SUM([2]調定06!$G$4:$G$999) -> 0 | G20: =SUM([2]調定07!$G$4:$G$999) -> 0 | H20: =SUM([2]調定08!$G$4:$G$999) -> 0 | I20: =SUM([2]調定09!$G$4:$G$999) -> 0 | J20: =SUM([2]調定10!$G$4:$G$999) -> 0 | K20: =SUM([2]調定11!$G$4:$G$999) -> 0 | L20: =SUM([2]調定12!$G$4:$G$999) -> 0 | M20: =SUM([2]調定01!$G$4:$G$999) -> 0 | N20: =SUM([2]調定02!$G$4:$G$999) -> 0 | O20: =SUM([2]調定03!$G$4:$G$999) -> 0 | P20: =SUM(D20:O20) -> 0
A21: 計 | D21: =IF(SUM(D18:D20)=0,"",SUM(D18:D20)) | E21: =IF(SUM(E18:E20)=0,"",SUM(E18:E20)) | F21: =IF(SUM(F18:F20)=0,"",SUM(F18:F20)) | G21: =IF(SUM(G18:G20)=0,"",SUM(G18:G20)) | H21: =IF(SUM(H18:H20)=0,"",SUM(H18:H20)) | I21: =IF(SUM(I18:I20)=0,"",SUM(I18:I20)) | J21: =IF(SUM(J18:J20)=0,"",SUM(J18:J20)) | K21: =IF(SUM(K18:K20)=0,"",SUM(K18:K20)) | ... O21: =IF(SUM(O18:O20)=0,"",SUM(O18:O20)) | P21: =SUM(P18:P20) -> 0
A23: 平成30年度 家電リサイクル収集運搬手数料
B24: 区 分 | D24: ４月 | E24: ５月 | F24: ６月 | G24: ７月 | H24: ８月 | I24: ９月 | J24: １０月 | K24: １１月 | L24: １２月 | M24: １月 | N24: ２月 | O24: ３月 | P24: 計
A25: 件数 | B25: 冷蔵庫 | C25: 3000 | D25: =SUM([3]調定04!$I$24) +SUM([3]調定04!$I$48) +SUM([3]調定04!$I$72) +SUM([3]調定04!$I$96) -> 0 | E25: =SUM([3]調定05!$I$24) +SUM([3]調定05!$I$48) +SUM([3]調定05!$I$72) +SUM([3]調定05!$I$96) -> 0 | F25: =SUM([3]調定06!$I$24) +SUM([3]調定06!$I$48) +SUM([3]調定06!$I$72) +SUM([3]調定06!$I$96) -> 0 | G25: =SUM([3]調定07!$I$24) +SUM([3]調定07!$I$48) +SUM([3]調定07!$I$72) +SUM([3]調定07!$I$96) -> 0 | H25: =SUM([3]調定08!$I$24) +SUM([3]調定08!$I$48) +SUM([3]調定08!$I$72) +SUM([3]調定08!$I$96) -> 0 | I25: =SUM([3]調定09!$I$24) +SUM([3]調定09!$I$48) +SUM([3]調定09!$I$72) +SUM([3]調定09!$I$96) -> 0 | J25: =SUM([3]調定10!$I$24) +SUM([3]調定10!$I$48) +SUM([3]調定10!$I$72) +SUM([3]調定10!$I$96) -> 0 | K25: =SUM([3]調定11!$I$24) +SUM([3]調定11!$I$48) +SUM([3]調定11!$I$72) +SUM([3]調定11!$I$96) -> 0 | L25: =SUM([3]調定12!$I$24) +SUM([3]調定12!$I$48) +SUM([3]調定12!$I$72) +SUM([3]調定12!$I$96) -> 0 | M25: =SUM([3]調定01!$I$24) +SUM([3]調定01!$I$48) +SUM([3]調定01!$I$72) +SUM([3]調定01!$I$96) -> 0 | N25: =SUM([3]調定02!$I$24) +SUM([3]調定02!$I$48) +SUM([3]調定02!$I$72) +SUM([3]調定02!$I$96) -> 0 | O25: =SUM([3]調定03!$I$24) +SUM([3]調定03!$I$48) +SUM([3]調定03!$I$72) +SUM([3]調定03!$I$96) -> 0 | P25: =SUM(D25:O25) -> 0
B26: 冷凍庫 | C26: 3000 | D26: =SUM([3]調定04!$K$24) +SUM([3]調定04!$K$48) +SUM([3]調定04!$K$72) +SUM([3]調定04!$K$96) -> 0 | E26: =SUM([3]調定05!$K$24) +SUM([3]調定05!$K$48) +SUM([3]調定05!$K$72) +SUM([3]調定05!$K$96) -> 0 | F26: =SUM([3]調定06!$K$24) +SUM([3]調定06!$K$48) +SUM([3]調定06!$K$72) +SUM([3]調定06!$K$96) -> 0 | G26: =SUM([3]調定07!$K$24) +SUM([3]調定07!$K$48) +SUM([3]調定07!$K$72) +SUM([3]調定07!$K$96) -> 0 | H26: =SUM([3]調定08!$K$24) +SUM([3]調定08!$K$48) +SUM([3]調定08!$K$72) +SUM([3]調定08!$K$96) -> 0 | I26: =SUM([3]調定09!$K$24) +SUM([3]調定09!$K$48) +SUM([3]調定09!$K$72) +SUM([3]調定09!$K$96) -> 0 | J26: =SUM([3]調定10!$K$24) +SUM([3]調定10!$K$48) +SUM([3]調定10!$K$72) +SUM([3]調定10!$K$96) -> 0 | K26: =SUM([3]調定11!$K$24) +SUM([3]調定11!$K$48) +SUM([3]調定11!$K$72) +SUM([3]調定11!$K$96) -> 0 | L26: =SUM([3]調定12!$K$24) +SUM([3]調定12!$K$48) +SUM([3]調定12!$K$72) +SUM([3]調定12!$K$96) -> 0 | M26: =SUM([3]調定01!$K$24) +SUM([3]調定01!$K$48) +SUM([3]調定01!$K$72) +SUM([3]調定01!$K$96) -> 0 | N26: =SUM([3]調定02!$K$24) +SUM([3]調定02!$K$48) +SUM([3]調定02!$K$72) +SUM([3]調定02!$K$96) -> 0 | O26: =SUM([3]調定03!$K$24) +SUM([3]調定03!$K$48) +SUM([3]調定03!$K$72) +SUM([3]調定03!$K$96) -> 0 | P26: =SUM(D26:O26) -> 0
B27: テレビ | C27: 3000 | D27: =SUM([3]調定04!$G$24) +SUM([3]調定04!$G$48) +SUM([3]調定04!$G$72) +SUM([3]調定04!$G$96) -> 0 | E27: =SUM([3]調定05!$G$24) +SUM([3]調定05!$G$48) +SUM([3]調定05!$G$72) +SUM([3]調定05!$G$96) -> 0 | F27: =SUM([3]調定06!$G$24) +SUM([3]調定06!$G$48) +SUM([3]調定06!$G$72) +SUM([3]調定06!$G$96) -> 0 | G27: =SUM([3]調定07!$G$24) +SUM([3]調定07!$G$48) +SUM([3]調定07!$G$72) +SUM([3]調定07!$G$96) -> 0 | H27: =SUM([3]調定08!$G$24) +SUM([3]調定08!$G$48) +SUM([3]調定08!$G$72) +SUM([3]調定08!$G$96) -> 0 | I27: =SUM([3]調定09!$G$24) +SUM([3]調定09!$G$48) +SUM([3]調定09!$G$72) +SUM([3]調定09!$G$96) -> 0 | J27: =SUM([3]調定10!$G$24) +SUM([3]調定10!$G$48) +SUM([3]調定10!$G$72) +SUM([3]調定10!$G$96) -> 0 | K27: =SUM([3]調定11!$G$24) +SUM([3]調定11!$G$48) +SUM([3]調定11!$G$72) +SUM([3]調定11!$G$96) -> 0 | L27: =SUM([3]調定12!$G$24) +SUM([3]調定12!$G$48) +SUM([3]調定12!$G$72) +SUM([3]調定12!$G$96) -> 0 | M27: =SUM([3]調定01!$G$24) +SUM([3]調定01!$G$48) +SUM([3]調定01!$G$72) +SUM([3]調定01!$G$96) -> 0 | N27: =SUM([3]調定02!$G$24) +SUM([3]調定02!$G$48) +SUM([3]調定02!$G$72) +SUM([3]調定02!$G$96) -> 0 | O27: =SUM([3]調定03!$G$24) +SUM([3]調定03!$G$48) +SUM([3]調定03!$G$72) +SUM([3]調定03!$G$96) -> 0 | P27: =SUM(D27:O27) -> 0
B28: 洗濯機 | C28: 2000 | D28: =SUM([3]調定04!$M$24) +SUM([3]調定04!$M$48) +SUM([3]調定04!$M$72) +SUM([3]調定04!$M$96) -> 0 | E28: =SUM([3]調定05!$M$24) +SUM([3]調定05!$M$48) +SUM([3]調定05!$M$72) +SUM([3]調定05!$M$96) -> 0 | F28: =SUM([3]調定06!$M$24) +SUM([3]調定06!$M$48) +SUM([3]調定06!$M$72) +SUM([3]調定06!$M$96) -> 0 | G28: =SUM([3]調定07!$M$24) +SUM([3]調定07!$M$48) +SUM([3]調定07!$M$72) +SUM([3]調定07!$M$96) -> 0 | H28: =SUM([3]調定08!$M$24) +SUM([3]調定08!$M$48) +SUM([3]調定08!$M$72) +SUM([3]調定08!$M$96) -> 0 | I28: =SUM([3]調定09!$M$24) +SUM([3]調定09!$M$48) +SUM([3]調定09!$M$72) +SUM([3]調定09!$M$96) -> 0 | J28: =SUM([3]調定10!$M$24) +SUM([3]調定10!$M$48) +SUM([3]調定10!$M$72) +SUM([3]調定10!$M$96) -> 0 | K28: =SUM([3]調定11!$M$24) +SUM([3]調定11!$M$48) +SUM([3]調定11!$M$72) +SUM([3]調定11!$M$96) -> 0 | L28: =SUM([3]調定12!$M$24) +SUM([3]調定12!$M$48) +SUM([3]調定12!$M$72) +SUM([3]調定12!$M$96) -> 0 | M28: =SUM([3]調定01!$M$24) +SUM([3]調定01!$M$48) +SUM([3]調定01!$M$72) +SUM([3]調定01!$M$96) -> 0 | N28: =SUM([3]調定02!$M$24) +SUM([3]調定02!$M$48) +SUM([3]調定02!$M$72) +SUM([3]調定02!$M$96) -> 0 | O28: =SUM([3]調定03!$M$24) +SUM([3]調定03!$M$48) +SUM([3]調定03!$M$72) +SUM([3]調定03!$M$96) -> 0 | P28: =SUM(D28:O28) -> 0
B29: 乾燥機 | C29: 2000 | D29: =SUM([3]調定04!$O$24) +SUM([3]調定04!$O$48) +SUM([3]調定04!$O$72) +SUM([3]調定04!$O$96) -> 0 | E29: =SUM([3]調定05!$O$24) +SUM([3]調定05!$O$48) +SUM([3]調定05!$O$72) +SUM([3]調定05!$O$96) -> 0 | F29: =SUM([3]調定06!$O$24) +SUM([3]調定06!$O$48) +SUM([3]調定06!$O$72) +SUM([3]調定06!$O$96) -> 0 | G29: =SUM([3]調定07!$O$24) +SUM([3]調定07!$O$48) +SUM([3]調定07!$O$72) +SUM([3]調定07!$O$96) -> 0 | H29: =SUM([3]調定08!$O$24) +SUM([3]調定08!$O$48) +SUM([3]調定08!$O$72) +SUM([3]調定08!$O$96) -> 0 | I29: =SUM([3]調定09!$O$24) +SUM([3]調定09!$O$48) +SUM([3]調定09!$O$72) +SUM([3]調定09!$O$96) -> 0 | J29: =SUM([3]調定10!$O$24) +SUM([3]調定10!$O$48) +SUM([3]調定10!$O$72) +SUM([3]調定10!$O$96) -> 0 | K29: =SUM([3]調定11!$O$24) +SUM([3]調定11!$O$48) +SUM([3]調定11!$O$72) +SUM([3]調定11!$O$96) -> 0 | L29: =SUM([3]調定12!$O$24) +SUM([3]調定12!$O$48) +SUM([3]調定12!$O$72) +SUM([3]調定12!$O$96) -> 0 | M29: =SUM([3]調定01!$O$24) +SUM([3]調定01!$O$48) +SUM([3]調定01!$O$72) +SUM([3]調定01!$O$96) -> 0 | N29: =SUM([3]調定02!$O$24) +SUM([3]調定02!$O$48) +SUM([3]調定02!$O$72) +SUM([3]調定02!$O$96) -> 0 | O29: =SUM([3]調定03!$O$24) +SUM([3]調定03!$O$48) +SUM([3]調定03!$O$72) +SUM([3]調定03!$O$96) -> 0 | P29: =SUM(D29:O29) -> 0
B30: エアコン | C30: 2000 | D30: =SUM([3]調定04!$E$24) +SUM([3]調定04!$E$48) +SUM([3]調定04!$E$72) +SUM([3]調定04!$E$96) -> 0 | E30: =SUM([3]調定05!$E$24) +SUM([3]調定05!$E$48) +SUM([3]調定05!$E$72) +SUM([3]調定05!$E$96) -> 0 | F30: =SUM([3]調定06!$E$24) +SUM([3]調定06!$E$48) +SUM([3]調定06!$E$72) +SUM([3]調定06!$E$96) -> 0 | G30: =SUM([3]調定07!$E$24) +SUM([3]調定07!$E$48) +SUM([3]調定07!$E$72) +SUM([3]調定07!$E$96) -> 0 | H30: =SUM([3]調定08!$E$24) +SUM([3]調定08!$E$48) +SUM([3]調定08!$E$72) +SUM([3]調定08!$E$96) -> 0 | I30: =SUM([3]調定09!$E$24) +SUM([3]調定09!$E$48) +SUM([3]調定09!$E$72) +SUM([3]調定09!$E$96) -> 0 | J30: =SUM([3]調定10!$E$24) +SUM([3]調定10!$E$48) +SUM([3]調定10!$E$72) +SUM([3]調定10!$E$96) -> 0 | K30: =SUM([3]調定11!$E$24) +SUM([3]調定11!$E$48) +SUM([3]調定11!$E$72) +SUM([3]調定11!$E$96) -> 0 | L30: =SUM([3]調定12!$E$24) +SUM([3]調定12!$E$48) +SUM([3]調定12!$E$72) +SUM([3]調定12!$E$96) -> 0 | M30: =SUM([3]調定01!$E$24) +SUM([3]調定01!$E$48) +SUM([3]調定01!$E$72) +SUM([3]調定01!$E$96) -> 0 | N30: =SUM([3]調定02!$E$24) +SUM([3]調定02!$E$48) +SUM([3]調定02!$E$72) +SUM([3]調定02!$E$96) -> 0 | O30: =SUM([3]調定03!$E$24) +SUM([3]調定03!$E$48) +SUM([3]調定03!$E$72) +SUM([3]調定03!$E$96) -> 0 | P30: =SUM(D30:O30) -> 0
A32: 金額 | B32: 冷蔵庫 | C32: 3000 | D32: =D25*$C32 -> 0 | E32: =E25*$C32 -> 0 | F32: =F25*$C32 -> 0 | G32: =G25*$C32 -> 0 | H32: =H25*$C32 -> 0 | I32: =I25*$C32 -> 0 | J32: =J25*$C32 -> 0 | K32: =K25*$C32 -> 0 | ... O32: =O25*$C32 -> 0 | P32: =SUM(D32:O32) -> 0
B33: 冷凍庫 | C33: 3000 | D33: =D26*$C33 -> 0 | E33: =E26*$C33 -> 0 | F33: =F26*$C33 -> 0 | G33: =G26*$C33 -> 0 | H33: =H26*$C33 -> 0 | I33: =I26*$C33 -> 0 | J33: =J26*$C33 -> 0 | K33: =K26*$C33 -> 0 | ... O33: =O26*$C33 -> 0 | P33: =SUM(D33:O33) -> 0
B34: テレビ | C34: 3000 | D34: =D27*$C34 -> 0 | E34: =E27*$C34 -> 0 | F34: =F27*$C34 -> 0 | G34: =G27*$C34 -> 0 | H34: =H27*$C34 -> 0 | I34: =I27*$C34 -> 0 | J34: =J27*$C34 -> 0 | K34: =K27*$C34 -> 0 | ... O34: =O27*$C34 -> 0 | P34: =SUM(D34:O34) -> 0
B35: 洗濯機 | C35: 2000 | D35: =D28*$C35 -> 0 | E35: =E28*$C35 -> 0 | F35: =F28*$C35 -> 0 | G35: =G28*$C35 -> 0 | H35: =H28*$C35 -> 0 | I35: =I28*$C35 -> 0 | J35: =J28*$C35 -> 0 | K35: =K28*$C35 -> 0 | ... O35: =O28*$C35 -> 0 | P35: =SUM(D35:O35) -> 0
B36: 乾燥機 | C36: 2000 | D36: =D29*$C36 -> 0 | E36: =E29*$C36 -> 0 | F36: =F29*$C36 -> 0 | G36: =G29*$C36 -> 0 | H36: =H29*$C36 -> 0 | I36: =I29*$C36 -> 0 | J36: =J29*$C36 -> 0 | K36: =K29*$C36 -> 0 | ... O36: =O29*$C36 -> 0 | P36: =SUM(D36:O36) -> 0
B37: エアコン | C37: 2000 | D37: =D30*$C37 -> 0 | E37: =E30*$C37 -> 0 | F37: =F30*$C37 -> 0 | G37: =G30*$C37 -> 0 | H37: =H30*$C37 -> 0 | I37: =I30*$C37 -> 0 | J37: =J30*$C37 -> 0 | K37: =K30*$C37 -> 0 | ... O37: =O30*$C37 -> 0 | P37: =SUM(D37:O37) -> 0
A38: 計 | D38: =SUM(D32:D37) -> 0 | E38: =SUM(E32:E37) -> 0 | F38: =SUM(F32:F37) -> 0 | G38: =SUM(G32:G37) -> 0 | H38: =SUM(H32:H37) -> 0 | I38: =SUM(I32:I37) -> 0 | J38: =SUM(J32:J37) -> 0 | K38: =SUM(K32:K37) -> 0 | ... P38: =SUM(P32:P37) -> 0
A39: 総 計 | D39: =IF(SUM(D10,D21,D38)=0,"",SUM(D10,D21,D38)) | E39: =IF(SUM(E10,E21,E38)=0,"",SUM(E10,E21,E38)) | F39: =IF(SUM(F10,F21,F38)=0,"",SUM(F10,F21,F38)) | G39: =IF(SUM(G10,G21,G38)=0,"",SUM(G10,G21,G38)) | H39: =IF(SUM(H10,H21,H38)=0,"",SUM(H10,H21,H38)) | I39: =IF(SUM(I10,I21,I38)=0,"",SUM(I10,I21,I38)) | J39: =IF(SUM(J10,J21,J38)=0,"",SUM(J10,J21,J38)) | K39: =IF(SUM(K10,K21,K38)=0,"",SUM(K10,K21,K38)) | ... O39: =IF(SUM(O10,O21,O38)=0,"",SUM(O10,O21,O38)) | P39: =P10+P21+P38 -> 0
