Workbook

Sheet 1-1
A1: ="令和"&'[1]A-1'!$E$9-2018&"年度 一般廃棄物（ごみ）収集地区別集計表 【第1－1表】" -> 令和9年度 一般廃棄物（ごみ）収集地区別集計表 【第1－1表】
B3: 【収集可燃ごみ】 | K3: 【直搬可燃ごみ】 | Q3: 単位：トン
A5: 月別 | B5: 鬼 脇 | C5: 鴛 泊 | D5: 利尻富士計 | E5: 仙法志 | F5: 沓 形 | G5: 利尻計 | H5: 合 計 | J5: 月別 | K5: 鬼 脇 | L5: 鴛 泊 | M5: 利尻富士計 | N5: 仙法志 | O5: 沓 形 | P5: 利尻計 | Q5: 合 計
A6: 4 | J6: 4
B7: ='[1]収集（全般）'!$B$44 -> 0 | C7: ='[1]収集（全般）'!$C$44 -> 0 | D7: =SUM(B7:C7) -> 0 | E7: ='[1]収集（全般）'!$D$44 -> 0 | F7: ='[1]収集（全般）'!$E$44 -> 0 | G7: =SUM(E7:F7) -> 0 | H7: =ROUND(D7+G7,1) -> 0 | K7: =[1]可燃!$M$43 +[1]可燃!$R$43 -> 0 | L7: =[1]可燃!$N$43 +[1]可燃!$S$43 -> 0 | M7: =SUM(K7:L7) -> 0 | N7: =[1]可燃!$O$43 +[1]可燃!$T$43 -> 0 | O7: =[1]可燃!$P$43 +[1]可燃!$U$43 -> 0 | P7: =SUM(N7:O7) -> 0 | Q7: =ROUND(M7+P7,1) -> 0
A8: 5 | J8: 5
B9: ='[2]収集（全般）'!$B$44 -> 0 | C9: ='[2]収集（全般）'!$C$44 -> 0 | D9: =SUM(B9:C9) -> 0 | E9: ='[2]収集（全般）'!$D$44 -> 0 | F9: ='[2]収集（全般）'!$E$44 -> 0 | G9: =SUM(E9:F9) -> 0 | H9: =ROUND(D9+G9,1) -> 0 | K9: =[2]可燃!$M$43 +[2]可燃!$R$43 -> 0 | L9: =[2]可燃!$N$43 +[2]可燃!$S$43 -> 0 | M9: =SUM(K9:L9) -> 0 | N9: =[2]可燃!$O$43 +[2]可燃!$T$43 -> 0 | O9: =[2]可燃!$P$43 +[2]可燃!$U$43 -> 0 | P9: =SUM(N9:O9) -> 0 | Q9: =ROUND(M9+P9,1) -> 0
A10: 6 | J10: 6
B11: ='[3]収集（全般）'!$B$44 -> 0 | C11: ='[3]収集（全般）'!$C$44 -> 0 | D11: =SUM(B11:C11) -> 0 | E11: ='[3]収集（全般）'!$D$44 -> 0 | F11: ='[3]収集（全般）'!$E$44 -> 0 | G11: =SUM(E11:F11) -> 0 | H11: =ROUND(D11+G11,1) -> 0 | K11: =[3]可燃!$M$43 +[3]可燃!$R$43 -> 0 | L11: =[3]可燃!$N$43 +[3]可燃!$S$43 -> 0 | M11: =SUM(K11:L11) -> 0 | N11: =[3]可燃!$O$43 +[3]可燃!$T$43 -> 0 | O11: =[3]可燃!$P$43 +[3]可燃!$U$43 -> 0 | P11: =SUM(N11:O11) -> 0 | Q11: =ROUND(M11+P11,1) -> 0
A12: 7 | J12: 7
B13: ='[4]収集（全般）'!$B$44 -> 0 | C13: ='[4]収集（全般）'!$C$44 -> 0 | D13: =SUM(B13:C13) -> 0 | E13: ='[4]収集（全般）'!$D$44 -> 0 | F13: ='[4]収集（全般）'!$E$44 -> 0 | G13: =SUM(E13:F13) -> 0 | H13: =ROUND(D13+G13,1) -> 0 | K13: =[4]可燃!$M$43 +[4]可燃!$R$43 -> 0 | L13: =[4]可燃!$N$43 +[4]可燃!$S$43 -> 0 | M13: =SUM(K13:L13) -> 0 | N13: =[4]可燃!$O$43 +[4]可燃!$T$43 -> 0 | O13: =[4]可燃!$P$43 +[4]可燃!$U$43 -> 0 | P13: =SUM(N13:O13) -> 0 | Q13: =ROUND(M13+P13,1) -> 0
A14: 8 | J14: 8
B15: ='[5]収集（全般）'!$B$44 -> 0 | C15: ='[5]収集（全般）'!$C$44 -> 0 | D15: =SUM(B15:C15) -> 0 | E15: ='[5]収集（全般）'!$D$44 -> 0 | F15: ='[5]収集（全般）'!$E$44 -> 0 | G15: =SUM(E15:F15) -> 0 | H15: =ROUND(D15+G15,1) -> 0 | K15: =[5]可燃!$M$43 +[5]可燃!$R$43 -> 0 | L15: =[5]可燃!$N$43 +[5]可燃!$S$43 -> 0 | M15: =SUM(K15:L15) -> 0 | N15: =[5]可燃!$O$43 +[5]可燃!$T$43 -> 0 | O15: =[5]可燃!$P$43 +[5]可燃!$U$43 -> 0 | P15: =SUM(N15:O15) -> 0 | Q15: =ROUND(M15+P15,1) -> 0
A16: 9 | J16: 9
B17: ='[6]収集（全般）'!$B$44 -> 0 | C17: ='[6]収集（全般）'!$C$44 -> 0 | D17: =SUM(B17:C17) -> 0 | E17: ='[6]収集（全般）'!$D$44 -> 0 | F17: ='[6]収集（全般）'!$E$44 -> 0 | G17: =SUM(E17:F17) -> 0 | H17: =ROUND(D17+G17,1) -> 0 | K17: =[6]可燃!$M$43 +[6]可燃!$R$43 -> 0 | L17: =[6]可燃!$N$43 +[6]可燃!$S$43 -> 0 | M17: =SUM(K17:L17) -> 0 | N17: =[6]可燃!$O$43 +[6]可燃!$T$43 -> 0 | O17: =[6]可燃!$P$43 +[6]可燃!$U$43 -> 0 | P17: =SUM(N17:O17) -> 0 | Q17: =ROUND(M17+P17,1) -> 0
A18: 10 | J18: 10
B19: ='[7]収集（全般）'!$B$44 -> 0 | C19: ='[7]収集（全般）'!$C$44 -> 0 | D19: =SUM(B19:C19) -> 0 | E19: ='[7]収集（全般）'!$D$44 -> 0 | F19: ='[7]収集（全般）'!$E$44 -> 0 | G19: =SUM(E19:F19) -> 0 | H19: =ROUND(D19+G19,1) -> 0 | K19: =[7]可燃!$M$43 +[7]可燃!$R$43 -> 0 | L19: =[7]可燃!$N$43 +[7]可燃!$S$43 -> 0 | M19: =SUM(K19:L19) -> 0 | N19: =[7]可燃!$O$43 +[7]可燃!$T$43 -> 0 | O19: =[7]可燃!$P$43 +[7]可燃!$U$43 -> 0 | P19: =SUM(N19:O19) -> 0 | Q19: =ROUND(M19+P19,1) -> 0
A20: 11 | J20: 11
B21: ='[8]収集（全般）'!$B$44 -> 0 | C21: ='[8]収集（全般）'!$C$44 -> 0 | D21: =SUM(B21:C21) -> 0 | E21: ='[8]収集（全般）'!$D$44 -> 0 | F21: ='[8]収集（全般）'!$E$44 -> 0 | G21: =SUM(E21:F21) -> 0 | H21: =ROUND(D21+G21,1) -> 0 | K21: =[8]可燃!$M$43 +[8]可燃!$R$43 -> 0 | L21: =[8]可燃!$N$43 +[8]可燃!$S$43 -> 0 | M21: =SUM(K21:L21) -> 0 | N21: =[8]可燃!$O$43 +[8]可燃!$T$43 -> 0 | O21: =[8]可燃!$P$43 +[8]可燃!$U$43 -> 0 | P21: =SUM(N21:O21) -> 0 | Q21: =ROUND(M21+P21,1) -> 0
A22: 12 | J22: 12
B23: ='[9]収集（全般）'!$B$44 -> 0 | C23: ='[9]収集（全般）'!$C$44 -> 0 | D23: =SUM(B23:C23) -> 0 | E23: ='[9]収集（全般）'!$D$44 -> 0 | F23: ='[9]収集（全般）'!$E$44 -> 0 | G23: =SUM(E23:F23) -> 0 | H23: =ROUND(D23+G23,1) -> 0 | K23: =[9]可燃!$M$43 +[9]可燃!$R$43 -> 0 | L23: =[9]可燃!$N$43 +[9]可燃!$S$43 -> 0 | M23: =SUM(K23:L23) -> 0 | N23: =[9]可燃!$O$43 +[9]可燃!$T$43 -> 0 | O23: =[9]可燃!$P$43 +[9]可燃!$U$43 -> 0 | P23: =SUM(N23:O23) -> 0 | Q23: =ROUND(M23+P23,1) -> 0
A24: 1 | J24: 1
B25: ='[10]収集（全般）'!$B$44 -> 0 | C25: ='[10]収集（全般）'!$C$44 -> 0 | D25: =SUM(B25:C25) -> 0 | E25: ='[10]収集（全般）'!$D$44 -> 0 | F25: ='[10]収集（全般）'!$E$44 -> 0 | G25: =SUM(E25:F25) -> 0 | H25: =ROUND(D25+G25,1) -> 0 | K25: =[10]可燃!$M$43 +[10]可燃!$R$43 -> 0 | L25: =[10]可燃!$N$43 +[10]可燃!$S$43 -> 0 | M25: =SUM(K25:L25) -> 0 | N25: =[10]可燃!$O$43 +[10]可燃!$T$43 -> 0 | O25: =[10]可燃!$P$43 +[10]可燃!$U$43 -> 0 | P25: =SUM(N25:O25) -> 0 | Q25: =ROUND(M25+P25,1) -> 0
A26: 2 | J26: 2
B27: ='[11]収集（全般）'!$B$44 -> 0 | C27: ='[11]収集（全般）'!$C$44 -> 0 | D27: =SUM(B27:C27) -> 0 | E27: ='[11]収集（全般）'!$D$44 -> 0 | F27: ='[11]収集（全般）'!$E$44 -> 0 | G27: =SUM(E27:F27) -> 0 | H27: =ROUND(D27+G27,1) -> 0 | K27: =[11]可燃!$M$43 +[11]可燃!$R$43 -> 0 | L27: =[11]可燃!$N$43 +[11]可燃!$S$43 -> 0 | M27: =SUM(K27:L27) -> 0 | N27: =[11]可燃!$O$43 +[11]可燃!$T$43 -> 0 | O27: =[11]可燃!$P$43 +[11]可燃!$U$43 -> 0 | P27: =SUM(N27:O27) -> 0 | Q27: =ROUND(M27+P27,1) -> 0
A28: 3 | J28: 3
B29: ='[12]収集（全般）'!$B$44 -> 0 | C29: ='[12]収集（全般）'!$C$44 -> 0 | D29: =SUM(B29:C29) -> 0 | E29: ='[12]収集（全般）'!$D$44 -> 0 | F29: ='[12]収集（全般）'!$E$44 -> 0 | G29: =SUM(E29:F29) -> 0 | H29: =ROUND(D29+G29,1) -> 0 | K29: =[12]可燃!$M$43 +[12]可燃!$R$43 -> 0 | L29: =[12]可燃!$N$43 +[12]可燃!$S$43 -> 0 | M29: =SUM(K29:L29) -> 0 | N29: =[12]可燃!$O$43 +[12]可燃!$T$43 -> 0 | O29: =[12]可燃!$P$43 +[12]可燃!$U$43 -> 0 | P29: =SUM(N29:O29) -> 0 | Q29: =ROUND(M29+P29,1) -> 0
A31: 合計 | J31: 合計
B32: =SUM(B7+B9+B11+B13+B15+B17+B19+B21+B23+B25+B27+B29) -> 0 | C32: =SUM(C7+C9+C11+C13+C15+C17+C19+C21+C23+C25+C27+C29) -> 0 | D32: =SUM(D7+D9+D11+D13+D15+D17+D19+D21+D23+D25+D27+D29) -> 0 | E32: =SUM(E7+E9+E11+E13+E15+E17+E19+E21+E23+E25+E27+E29) -> 0 | F32: =SUM(F7+F9+F11+F13+F15+F17+F19+F21+F23+F25+F27+F29) -> 0 | G32: =SUM(G7+G9+G11+G13+G15+G17+G19+G21+G23+G25+G27+G29) -> 0 | H32: =SUM(H6:H29) -> 0 | K32: =SUM(K7+K9+K11+K13+K15+K17+K19+K21+K23+K25+K27+K29) -> 0 | L32: =SUM(L7+L9+L11+L13+L15+L17+L19+L21+L23+L25+L27+L29) -> 0 | M32: =SUM(M7+M9+M11+M13+M15+M17+M19+M21+M23+M25+M27+M29) -> 0 | N32: =SUM(N7+N9+N11+N13+N15+N17+N19+N21+N23+N25+N27+N29) -> 0 | O32: =SUM(O7+O9+O11+O13+O15+O17+O19+O21+O23+O25+O27+O29) -> 0 | P32: =SUM(P7+P9+P11+P13+P15+P17+P19+P21+P23+P25+P27+P29) -> 0 | Q32: =SUM(Q6:Q29) -> 0

Sheet 1-2
A1: ="令和"&'[1]A-1'!$E$9-2018&"年度 一般廃棄物（ごみ）収集地区別集計表 【第1－2表】" -> 令和9年度 一般廃棄物（ごみ）収集地区別集計表 【第1－2表】
B3: 【収集不燃ごみ】 | K3: 【直搬不燃ごみ】 | Q3: 単位：トン
A5: 月別 | B5: 鬼 脇 | C5: 鴛 泊 | D5: 利尻富士計 | E5: 仙法志 | F5: 沓 形 | G5: 利尻計 | H5: 合 計 | J5: 月別 | K5: 鬼 脇 | L5: 鴛 泊 | M5: 利尻富士計 | N5: 仙法志 | O5: 沓 形 | P5: 利尻計 | Q5: 合 計
A6: 4 | J6: 4
B7: ='[1]収集（全般）'!$G$44 -> 0 | C7: ='[1]収集（全般）'!$H$44 -> 0 | D7: =SUM(B7:C7) -> 0 | E7: ='[1]収集（全般）'!$I$44 -> 0 | F7: ='[1]収集（全般）'!$J$44 -> 0 | G7: =SUM(E7:F7) -> 0 | H7: =ROUND(D7+G7,1) -> 0 | K7: =[1]不燃・木くず・海岸清掃!$G$43 -> 0 | L7: =[1]不燃・木くず・海岸清掃!$H$43 -> 0 | M7: =SUM(K7:L7) -> 0 | N7: =[1]不燃・木くず・海岸清掃!$I$43 -> 0 | O7: =[1]不燃・木くず・海岸清掃!$J$43 -> 0 | P7: =SUM(N7:O7) -> 0 | Q7: =ROUND(M7+P7,1) -> 0
A8: 5 | J8: 5
B9: ='[2]収集（全般）'!$G$44 -> 0 | C9: ='[2]収集（全般）'!$H$44 -> 0 | D9: =SUM(B9:C9) -> 0 | E9: ='[2]収集（全般）'!$I$44 -> 0 | F9: ='[2]収集（全般）'!$J$44 -> 0 | G9: =SUM(E9:F9) -> 0 | H9: =ROUND(D9+G9,1) -> 0 | K9: =[2]不燃・木くず・海岸清掃!$G$43 -> 0 | L9: =[2]不燃・木くず・海岸清掃!$H$43 -> 0 | M9: =SUM(K9:L9) -> 0 | N9: =[2]不燃・木くず・海岸清掃!$I$43 -> 0 | O9: =[2]不燃・木くず・海岸清掃!$J$43 -> 0 | P9: =SUM(N9:O9) -> 0 | Q9: =ROUND(M9+P9,1) -> 0
A10: 6 | J10: 6
B11: ='[3]収集（全般）'!$G$44 -> 0 | C11: ='[3]収集（全般）'!$H$44 -> 0 | D11: =SUM(B11:C11) -> 0 | E11: ='[3]収集（全般）'!$I$44 -> 0 | F11: ='[3]収集（全般）'!$J$44 -> 0 | G11: =SUM(E11:F11) -> 0 | H11: =ROUND(D11+G11,1) -> 0 | K11: =[3]不燃・木くず・海岸清掃!$G$43 -> 0 | L11: =[3]不燃・木くず・海岸清掃!$H$43 -> 0 | M11: =SUM(K11:L11) -> 0 | N11: =[3]不燃・木くず・海岸清掃!$I$43 -> 0 | O11: =[3]不燃・木くず・海岸清掃!$J$43 -> 0 | P11: =SUM(N11:O11) -> 0 | Q11: =ROUND(M11+P11,1) -> 0
A12: 7 | J12: 7
B13: ='[4]収集（全般）'!$G$44 -> 0 | C13: ='[4]収集（全般）'!$H$44 -> 0 | D13: =SUM(B13:C13) -> 0 | E13: ='[4]収集（全般）'!$I$44 -> 0 | F13: ='[4]収集（全般）'!$J$44 -> 0 | G13: =SUM(E13:F13) -> 0 | H13: =ROUND(D13+G13,1) -> 0 | K13: =[4]不燃・木くず・海岸清掃!$G$43 -> 0 | L13: =[4]不燃・木くず・海岸清掃!$H$43 -> 0 | M13: =SUM(K13:L13) -> 0 | N13: =[4]不燃・木くず・海岸清掃!$I$43 -> 0 | O13: =[4]不燃・木くず・海岸清掃!$J$43 -> 0 | P13: =SUM(N13:O13) -> 0 | Q13: =ROUND(M13+P13,1) -> 0
A14: 8 | J14: 8
B15: ='[5]収集（全般）'!$G$44 -> 0 | C15: ='[5]収集（全般）'!$H$44 -> 0 | D15: =SUM(B15:C15) -> 0 | E15: ='[5]収集（全般）'!$I$44 -> 0 | F15: ='[5]収集（全般）'!$J$44 -> 0 | G15: =SUM(E15:F15) -> 0 | H15: =ROUND(D15+G15,1) -> 0 | K15: =[5]不燃・木くず・海岸清掃!$G$43 -> 0 | L15: =[5]不燃・木くず・海岸清掃!$H$43 -> 0 | M15: =SUM(K15:L15) -> 0 | N15: =[5]不燃・木くず・海岸清掃!$I$43 -> 0 | O15: =[5]不燃・木くず・海岸清掃!$J$43 -> 0 | P15: =SUM(N15:O15) -> 0 | Q15: =ROUND(M15+P15,1) -> 0
A16: 9 | J16: 9
B17: ='[6]収集（全般）'!$G$44 -> 0 | C17: ='[6]収集（全般）'!$H$44 -> 0 | D17: =SUM(B17:C17) -> 0 | E17: ='[6]収集（全般）'!$I$44 -> 0 | F17: ='[6]収集（全般）'!$J$44 -> 0 | G17: =SUM(E17:F17) -> 0 | H17: =ROUND(D17+G17,1) -> 0 | K17: =[6]不燃・木くず・海岸清掃!$G$43 -> 0 | L17: =[6]不燃・木くず・海岸清掃!$H$43 -> 0 | M17: =SUM(K17:L17) -> 0 | N17: =[6]不燃・木くず・海岸清掃!$I$43 -> 0 | O17: =[6]不燃・木くず・海岸清掃!$J$43 -> 0 | P17: =SUM(N17:O17) -> 0 | Q17: =ROUND(M17+P17,1) -> 0
A18: 10 | J18: 10
B19: ='[7]収集（全般）'!$G$44 -> 0 | C19: ='[7]収集（全般）'!$H$44 -> 0 | D19: =SUM(B19:C19) -> 0 | E19: ='[7]収集（全般）'!$I$44 -> 0 | F19: ='[7]収集（全般）'!$J$44 -> 0 | G19: =SUM(E19:F19) -> 0 | H19: =ROUND(D19+G19,1) -> 0 | K19: =[7]不燃・木くず・海岸清掃!$G$43 -> 0 | L19: =[7]不燃・木くず・海岸清掃!$H$43 -> 0 | M19: =SUM(K19:L19) -> 0 | N19: =[7]不燃・木くず・海岸清掃!$I$43 -> 0 | O19: =[7]不燃・木くず・海岸清掃!$J$43 -> 0 | P19: =SUM(N19:O19) -> 0 | Q19: =ROUND(M19+P19,1) -> 0
A20: 11 | J20: 11
B21: ='[8]収集（全般）'!$G$44 -> 0 | C21: ='[8]収集（全般）'!$H$44 -> 0 | D21: =SUM(B21:C21) -> 0 | E21: ='[8]収集（全般）'!$I$44 -> 0 | F21: ='[8]収集（全般）'!$J$44 -> 0 | G21: =SUM(E21:F21) -> 0 | H21: =ROUND(D21+G21,1) -> 0 | K21: =[8]不燃・木くず・海岸清掃!$G$43 -> 0 | L21: =[8]不燃・木くず・海岸清掃!$H$43 -> 0 | M21: =SUM(K21:L21) -> 0 | N21: =[8]不燃・木くず・海岸清掃!$I$43 -> 0 | O21: =[8]不燃・木くず・海岸清掃!$J$43 -> 0 | P21: =SUM(N21:O21) -> 0 | Q21: =ROUND(M21+P21,1) -> 0
A22: 12 | J22: 12
B23: ='[9]収集（全般）'!$G$44 -> 0 | C23: ='[9]収集（全般）'!$H$44 -> 0 | D23: =SUM(B23:C23) -> 0 | E23: ='[9]収集（全般）'!$I$44 -> 0 | F23: ='[9]収集（全般）'!$J$44 -> 0 | G23: =SUM(E23:F23) -> 0 | H23: =ROUND(D23+G23,1) -> 0 | K23: =[9]不燃・木くず・海岸清掃!$G$43 -> 0 | L23: =[9]不燃・木くず・海岸清掃!$H$43 -> 0 | M23: =SUM(K23:L23) -> 0 | N23: =[9]不燃・木くず・海岸清掃!$I$43 -> 0 | O23: =[9]不燃・木くず・海岸清掃!$J$43 -> 0 | P23: =SUM(N23:O23) -> 0 | Q23: =ROUND(M23+P23,1) -> 0
A24: 1 | J24: 1
B25: ='[10]収集（全般）'!$G$44 -> 0 | C25: ='[10]収集（全般）'!$H$44 -> 0 | D25: =SUM(B25:C25) -> 0 | E25: ='[10]収集（全般）'!$I$44 -> 0 | F25: ='[10]収集（全般）'!$J$44 -> 0 | G25: =SUM(E25:F25) -> 0 | H25: =ROUND(D25+G25,1) -> 0 | K25: =[10]不燃・木くず・海岸清掃!$G$43 -> 0 | L25: =[10]不燃・木くず・海岸清掃!$H$43 -> 0 | M25: =SUM(K25:L25) -> 0 | N25: =[10]不燃・木くず・海岸清掃!$I$43 -> 0 | O25: =[10]不燃・木くず・海岸清掃!$J$43 -> 0 | P25: =SUM(N25:O25) -> 0 | Q25: =ROUND(M25+P25,1) -> 0
A26: 2 | J26: 2
B27: ='[11]収集（全般）'!$G$44 -> 0 | C27: ='[11]収集（全般）'!$H$44 -> 0 | D27: =SUM(B27:C27) -> 0 | E27: ='[11]収集（全般）'!$I$44 -> 0 | F27: ='[11]収集（全般）'!$J$44 -> 0 | G27: =SUM(E27:F27) -> 0 | H27: =ROUND(D27+G27,1) -> 0 | K27: =[11]不燃・木くず・海岸清掃!$G$43 -> 0 | L27: =[11]不燃・木くず・海岸清掃!$H$43 -> 0 | M27: =SUM(K27:L27) -> 0 | N27: =[11]不燃・木くず・海岸清掃!$I$43 -> 0 | O27: =[11]不燃・木くず・海岸清掃!$J$43 -> 0 | P27: =SUM(N27:O27) -> 0 | Q27: =ROUND(M27+P27,1) -> 0
A28: 3 | J28: 3
B29: ='[12]収集（全般）'!$G$44 -> 0 | C29: ='[12]収集（全般）'!$H$44 -> 0 | D29: =SUM(B29:C29) -> 0 | E29: ='[12]収集（全般）'!$I$44 -> 0 | F29: ='[12]収集（全般）'!$J$44 -> 0 | G29: =SUM(E29:F29) -> 0 | H29: =ROUND(D29+G29,1) -> 0 | K29: =[12]不燃・木くず・海岸清掃!$G$43 -> 0 | L29: =[12]不燃・木くず・海岸清掃!$H$43 -> 0 | M29: =SUM(K29:L29) -> 0 | N29: =[12]不燃・木くず・海岸清掃!$I$43 -> 0 | O29: =[12]不燃・木くず・海岸清掃!$J$43 -> 0 | P29: =SUM(N29:O29) -> 0 | Q29: =ROUND(M29+P29,1) -> 0
A31: 合計 | J31: 合計
B32: =SUM(B7+B9+B11+B13+B15+B17+B19+B21+B23+B25+B27+B29) -> 0 | C32: =SUM(C7+C9+C11+C13+C15+C17+C19+C21+C23+C25+C27+C29) -> 0 | D32: =SUM(D7+D9+D11+D13+D15+D17+D19+D21+D23+D25+D27+D29) -> 0 | E32: =SUM(E7+E9+E11+E13+E15+E17+E19+E21+E23+E25+E27+E29) -> 0 | F32: =SUM(F7+F9+F11+F13+F15+F17+F19+F21+F23+F25+F27+F29) -> 0 | G32: =SUM(G7+G9+G11+G13+G15+G17+G19+G21+G23+G25+G27+G29) -> 0 | H32: =SUM(H6:H29) -> 0 | K32: =SUM(K7+K9+K11+K13+K15+K17+K19+K21+K23+K25+K27+K29) -> 0 | L32: =SUM(L7+L9+L11+L13+L15+L17+L19+L21+L23+L25+L27+L29) -> 0 | M32: =SUM(M7+M9+M11+M13+M15+M17+M19+M21+M23+M25+M27+M29) -> 0 | N32: =SUM(N7+N9+N11+N13+N15+N17+N19+N21+N23+N25+N27+N29) -> 0 | O32: =SUM(O7+O9+O11+O13+O15+O17+O19+O21+O23+O25+O27+O29) -> 0 | P32: =SUM(P7+P9+P11+P13+P15+P17+P19+P21+P23+P25+P27+P29) -> 0 | Q32: =SUM(Q6:Q29) -> 0

Sheet 1-3
A1: ="令和"&'[1]A-1'!$E$9-2018&"年度 一般廃棄物（ごみ）収集地区別集計表 【第1－3表】" -> 令和9年度 一般廃棄物（ごみ）収集地区別集計表 【第1－3表】
B3: 【収集びん類】 | K3: 【直搬びん類】 | Q3: 単位：トン
A5: 月別 | B5: 鬼 脇 | C5: 鴛 泊 | D5: 利尻富士計 | E5: 仙法志 | F5: 沓 形 | G5: 利尻計 | H5: 合 計 | J5: 月別 | K5: 鬼 脇 | L5: 鴛 泊 | M5: 利尻富士計 | N5: 仙法志 | O5: 沓 形 | P5: 利尻計 | Q5: 合 計
A6: 4 | J6: 4
B7: ='[1]収集（全般）'!$L$44 -> 0 | C7: ='[1]収集（全般）'!$M$44 -> 0 | D7: =SUM(B7:C7) -> 0 | E7: ='[1]収集（全般）'!$N$44 -> 0 | F7: ='[1]収集（全般）'!$O$44 -> 0 | G7: =SUM(E7:F7) -> 0 | H7: =ROUND(D7+G7,1) -> 0 | K7: =[1]ビン類!$M$43 +[1]ビン類!$R$43 -> 0 | L7: =[1]ビン類!$N$43 +[1]ビン類!$S$43 -> 0 | M7: =SUM(K7:L7) -> 0 | N7: =[1]ビン類!$O$43 +[1]ビン類!$T$43 -> 0 | O7: =[1]ビン類!$P$43 +[1]ビン類!$U$43 -> 0 | P7: =SUM(N7:O7) -> 0 | Q7: =ROUND(M7+P7,1) -> 0
A8: 5 | J8: 5
B9: ='[2]収集（全般）'!$L$44 -> 0 | C9: ='[2]収集（全般）'!$M$44 -> 0 | D9: =SUM(B9:C9) -> 0 | E9: ='[2]収集（全般）'!$N$44 -> 0 | F9: ='[2]収集（全般）'!$O$44 -> 0 | G9: =SUM(E9:F9) -> 0 | H9: =ROUND(D9+G9,1) -> 0 | K9: =[2]ビン類!$M$43 +[2]ビン類!$R$43 -> 0 | L9: =[2]ビン類!$N$43 +[2]ビン類!$S$43 -> 0 | M9: =SUM(K9:L9) -> 0 | N9: =[2]ビン類!$O$43 +[2]ビン類!$T$43 -> 0 | O9: =[2]ビン類!$P$43 +[2]ビン類!$U$43 -> 0 | P9: =SUM(N9:O9) -> 0 | Q9: =ROUND(M9+P9,1) -> 0
A10: 6 | J10: 6
B11: ='[3]収集（全般）'!$L$44 -> 0 | C11: ='[3]収集（全般）'!$M$44 -> 0 | D11: =SUM(B11:C11) -> 0 | E11: ='[3]収集（全般）'!$N$44 -> 0 | F11: ='[3]収集（全般）'!$O$44 -> 0 | G11: =SUM(E11:F11) -> 0 | H11: =ROUND(D11+G11,1) -> 0 | K11: =[3]ビン類!$M$43 +[3]ビン類!$R$43 -> 0 | L11: =[3]ビン類!$N$43 +[3]ビン類!$S$43 -> 0 | M11: =SUM(K11:L11) -> 0 | N11: =[3]ビン類!$O$43 +[3]ビン類!$T$43 -> 0 | O11: =[3]ビン類!$P$43 +[3]ビン類!$U$43 -> 0 | P11: =SUM(N11:O11) -> 0 | Q11: =ROUND(M11+P11,1) -> 0
A12: 7 | J12: 7
B13: ='[4]収集（全般）'!$L$44 -> 0 | C13: ='[4]収集（全般）'!$M$44 -> 0 | D13: =SUM(B13:C13) -> 0 | E13: ='[4]収集（全般）'!$N$44 -> 0 | F13: ='[4]収集（全般）'!$O$44 -> 0 | G13: =SUM(E13:F13) -> 0 | H13: =ROUND(D13+G13,1) -> 0 | K13: =[4]ビン類!$M$43 +[4]ビン類!$R$43 -> 0 | L13: =[4]ビン類!$N$43 +[4]ビン類!$S$43 -> 0 | M13: =SUM(K13:L13) -> 0 | N13: =[4]ビン類!$O$43 +[4]ビン類!$T$43 -> 0 | O13: =[4]ビン類!$P$43 +[4]ビン類!$U$43 -> 0 | P13: =SUM(N13:O13) -> 0 | Q13: =ROUND(M13+P13,1) -> 0
A14: 8 | J14: 8
B15: ='[5]収集（全般）'!$L$44 -> 0 | C15: ='[5]収集（全般）'!$M$44 -> 0 | D15: =SUM(B15:C15) -> 0 | E15: ='[5]収集（全般）'!$N$44 -> 0 | F15: ='[5]収集（全般）'!$O$44 -> 0 | G15: =SUM(E15:F15) -> 0 | H15: =ROUND(D15+G15,1) -> 0 | K15: =[5]ビン類!$M$43 +[5]ビン類!$R$43 -> 0 | L15: =[5]ビン類!$N$43 +[5]ビン類!$S$43 -> 0 | M15: =SUM(K15:L15) -> 0 | N15: =[5]ビン類!$O$43 +[5]ビン類!$T$43 -> 0 | O15: =[5]ビン類!$P$43 +[5]ビン類!$U$43 -> 0 | P15: =SUM(N15:O15) -> 0 | Q15: =ROUND(M15+P15,1) -> 0
A16: 9 | J16: 9
B17: ='[6]収集（全般）'!$L$44 -> 0 | C17: ='[6]収集（全般）'!$M$44 -> 0 | D17: =SUM(B17:C17) -> 0 | E17: ='[6]収集（全般）'!$N$44 -> 0 | F17: ='[6]収集（全般）'!$O$44 -> 0 | G17: =SUM(E17:F17) -> 0 | H17: =ROUND(D17+G17,1) -> 0 | K17: =[6]ビン類!$M$43 +[6]ビン類!$R$43 -> 0 | L17: =[6]ビン類!$N$43 +[6]ビン類!$S$43 -> 0 | M17: =SUM(K17:L17) -> 0 | N17: =[6]ビン類!$O$43 +[6]ビン類!$T$43 -> 0 | O17: =[6]ビン類!$P$43 +[6]ビン類!$U$43 -> 0 | P17: =SUM(N17:O17) -> 0 | Q17: =ROUND(M17+P17,1) -> 0
A18: 10 | J18: 10
B19: ='[7]収集（全般）'!$L$44 -> 0 | C19: ='[7]収集（全般）'!$M$44 -> 0 | D19: =SUM(B19:C19) -> 0 | E19: ='[7]収集（全般）'!$N$44 -> 0 | F19: ='[7]収集（全般）'!$O$44 -> 0 | G19: =SUM(E19:F19) -> 0 | H19: =ROUND(D19+G19,1) -> 0 | K19: =[7]ビン類!$M$43 +[7]ビン類!$R$43 -> 0 | L19: =[7]ビン類!$N$43 +[7]ビン類!$S$43 -> 0 | M19: =SUM(K19:L19) -> 0 | N19: =[7]ビン類!$O$43 +[7]ビン類!$T$43 -> 0 | O19: =[7]ビン類!$P$43 +[7]ビン類!$U$43 -> 0 | P19: =SUM(N19:O19) -> 0 | Q19: =ROUND(M19+P19,1) -> 0
A20: 11 | J20: 11
B21: ='[8]収集（全般）'!$L$44 -> 0 | C21: ='[8]収集（全般）'!$M$44 -> 0 | D21: =SUM(B21:C21) -> 0 | E21: ='[8]収集（全般）'!$N$44 -> 0 | F21: ='[8]収集（全般）'!$O$44 -> 0 | G21: =SUM(E21:F21) -> 0 | H21: =ROUND(D21+G21,1) -> 0 | K21: =[8]ビン類!$M$43 +[8]ビン類!$R$43 -> 0 | L21: =[8]ビン類!$N$43 +[8]ビン類!$S$43 -> 0 | M21: =SUM(K21:L21) -> 0 | N21: =[8]ビン類!$O$43 +[8]ビン類!$T$43 -> 0 | O21: =[8]ビン類!$P$43 +[8]ビン類!$U$43 -> 0 | P21: =SUM(N21:O21) -> 0 | Q21: =ROUND(M21+P21,1) -> 0
A22: 12 | J22: 12
B23: ='[9]収集（全般）'!$L$44 -> 0 | C23: ='[9]収集（全般）'!$M$44 -> 0 | D23: =SUM(B23:C23) -> 0 | E23: ='[9]収集（全般）'!$N$44 -> 0 | F23: ='[9]収集（全般）'!$O$44 -> 0 | G23: =SUM(E23:F23) -> 0 | H23: =ROUND(D23+G23,1) -> 0 | K23: =[9]ビン類!$M$43 +[9]ビン類!$R$43 -> 0 | L23: =[9]ビン類!$N$43 +[9]ビン類!$S$43 -> 0 | M23: =SUM(K23:L23) -> 0 | N23: =[9]ビン類!$O$43 +[9]ビン類!$T$43 -> 0 | O23: =[9]ビン類!$P$43 +[9]ビン類!$U$43 -> 0 | P23: =SUM(N23:O23) -> 0 | Q23: =ROUND(M23+P23,1) -> 0
A24: 1 | J24: 1
B25: ='[10]収集（全般）'!$L$44 -> 0 | C25: ='[10]収集（全般）'!$M$44 -> 0 | D25: =SUM(B25:C25) -> 0 | E25: ='[10]収集（全般）'!$N$44 -> 0 | F25: ='[10]収集（全般）'!$O$44 -> 0 | G25: =SUM(E25:F25) -> 0 | H25: =ROUND(D25+G25,1) -> 0 | K25: =[10]ビン類!$M$43 +[10]ビン類!$R$43 -> 0 | L25: =[10]ビン類!$N$43 +[10]ビン類!$S$43 -> 0 | M25: =SUM(K25:L25) -> 0 | N25: =[10]ビン類!$O$43 +[10]ビン類!$T$43 -> 0 | O25: =[10]ビン類!$P$43 +[10]ビン類!$U$43 -> 0 | P25: =SUM(N25:O25) -> 0 | Q25: =ROUND(M25+P25,1) -> 0
A26: 2 | J26: 2
B27: ='[11]収集（全般）'!$L$44 -> 0 | C27: ='[11]収集（全般）'!$M$44 -> 0 | D27: =SUM(B27:C27) -> 0 | E27: ='[11]収集（全般）'!$N$44 -> 0 | F27: ='[11]収集（全般）'!$O$44 -> 0 | G27: =SUM(E27:F27) -> 0 | H27: =ROUND(D27+G27,1) -> 0 | K27: =[11]ビン類!$M$43 +[11]ビン類!$R$43 -> 0 | L27: =[11]ビン類!$N$43 +[11]ビン類!$S$43 -> 0 | M27: =SUM(K27:L27) -> 0 | N27: =[11]ビン類!$O$43 +[11]ビン類!$T$43 -> 0 | O27: =[11]ビン類!$P$43 +[11]ビン類!$U$43 -> 0 | P27: =SUM(N27:O27) -> 0 | Q27: =ROUND(M27+P27,1) -> 0
A28: 3 | J28: 3
B29: ='[12]収集（全般）'!$L$44 -> 0 | C29: ='[12]収集（全般）'!$M$44 -> 0 | D29: =SUM(B29:C29) -> 0 | E29: ='[12]収集（全般）'!$N$44 -> 0 | F29: ='[12]収集（全般）'!$O$44 -> 0 | G29: =SUM(E29:F29) -> 0 | H29: =ROUND(D29+G29,1) -> 0 | K29: =[12]ビン類!$M$43 +[12]ビン類!$R$43 -> 0 | L29: =[12]ビン類!$N$43 +[12]ビン類!$S$43 -> 0 | M29: =SUM(K29:L29) -> 0 | N29: =[12]ビン類!$O$43 +[12]ビン類!$T$43 -> 0 | O29: =[12]ビン類!$P$43 +[12]ビン類!$U$43 -> 0 | P29: =SUM(N29:O29) -> 0 | Q29: =ROUND(M29+P29,1) -> 0
A31: 合計 | J31: 合計
B32: =SUM(B7+B9+B11+B13+B15+B17+B19+B21+B23+B25+B27+B29) -> 0 | C32: =SUM(C7+C9+C11+C13+C15+C17+C19+C21+C23+C25+C27+C29) -> 0 | D32: =SUM(D7+D9+D11+D13+D15+D17+D19+D21+D23+D25+D27+D29) -> 0 | E32: =SUM(E7+E9+E11+E13+E15+E17+E19+E21+E23+E25+E27+E29) -> 0 | F32: =SUM(F7+F9+F11+F13+F15+F17+F19+F21+F23+F25+F27+F29) -> 0 | G32: =SUM(G7+G9+G11+G13+G15+G17+G19+G21+G23+G25+G27+G29) -> 0 | H32: =SUM(H6:H29) -> 0 | K32: =SUM(K7+K9+K11+K13+K15+K17+K19+K21+K23+K25+K27+K29) -> 0 | L32: =SUM(L7+L9+L11+L13+L15+L17+L19+L21+L23+L25+L27+L29) -> 0 | M32: =SUM(M7+M9+M11+M13+M15+M17+M19+M21+M23+M25+M27+M29) -> 0 | N32: =SUM(N7+N9+N11+N13+N15+N17+N19+N21+N23+N25+N27+N29) -> 0 | O32: =SUM(O7+O9+O11+O13+O15+O17+O19+O21+O23+O25+O27+O29) -> 0 | P32: =SUM(P7+P9+P11+P13+P15+P17+P19+P21+P23+P25+P27+P29) -> 0 | Q32: =SUM(Q6:Q29) -> 0

Sheet 1-4
A1: ="令和"&'[1]A-1'!$E$9-2018&"年度 一般廃棄物（ごみ）収集地区別集計表 【第1－4表】" -> 令和9年度 一般廃棄物（ごみ）収集地区別集計表 【第1－4表】
B3: 【収集缶類】 | K3: 【直搬缶類】 | Q3: 単位：トン
A5: 月別 | B5: 鬼 脇 | C5: 鴛 泊 | D5: 利尻富士計 | E5: 仙法志 | F5: 沓 形 | G5: 利尻計 | H5: 合 計 | J5: 月別 | K5: 鬼 脇 | L5: 鴛 泊 | M5: 利尻富士計 | N5: 仙法志 | O5: 沓 形 | P5: 利尻計 | Q5: 合 計
A6: 4 | J6: 4
B7: ='[1]収集（全般）'!$Q$44 -> 0 | C7: ='[1]収集（全般）'!$R$44 -> 0 | D7: =SUM(B7:C7) -> 0 | E7: ='[1]収集（全般）'!$S$44 -> 0 | F7: ='[1]収集（全般）'!$T$44 -> 0 | G7: =SUM(E7:F7) -> 0 | H7: =ROUND(D7+G7,1) -> 0 | K7: =[1]缶類!$M$43 +[1]缶類!$R$43 -> 0 | L7: =[1]缶類!$N$43 +[1]缶類!$S$43 -> 0 | M7: =SUM(K7:L7) -> 0 | N7: =[1]缶類!$O$43 +[1]缶類!$T$43 -> 0 | O7: =[1]缶類!$P$43 +[1]缶類!$U$43 -> 0 | P7: =SUM(N7:O7) -> 0 | Q7: =ROUND(M7+P7,1) -> 0
A8: 5 | J8: 5
B9: ='[2]収集（全般）'!$Q$44 -> 0 | C9: ='[2]収集（全般）'!$R$44 -> 0 | D9: =SUM(B9:C9) -> 0 | E9: ='[2]収集（全般）'!$S$44 -> 0 | F9: ='[2]収集（全般）'!$T$44 -> 0 | G9: =SUM(E9:F9) -> 0 | H9: =ROUND(D9+G9,1) -> 0 | K9: =[2]缶類!$M$43 +[2]缶類!$R$43 -> 0 | L9: =[2]缶類!$N$43 +[2]缶類!$S$43 -> 0 | M9: =SUM(K9:L9) -> 0 | N9: =[2]缶類!$O$43 +[2]缶類!$T$43 -> 0 | O9: =[2]缶類!$P$43 +[2]缶類!$U$43 -> 0 | P9: =SUM(N9:O9) -> 0 | Q9: =ROUND(M9+P9,1) -> 0
A10: 6 | J10: 6
B11: ='[3]収集（全般）'!$Q$44 -> 0 | C11: ='[3]収集（全般）'!$R$44 -> 0 | D11: =SUM(B11:C11) -> 0 | E11: ='[3]収集（全般）'!$S$44 -> 0 | F11: ='[3]収集（全般）'!$T$44 -> 0 | G11: =SUM(E11:F11) -> 0 | H11: =ROUND(D11+G11,1) -> 0 | K11: =[3]缶類!$M$43 +[3]缶類!$R$43 -> 0 | L11: =[3]缶類!$N$43 +[3]缶類!$S$43 -> 0 | M11: =SUM(K11:L11) -> 0 | N11: =[3]缶類!$O$43 +[3]缶類!$T$43 -> 0 | O11: =[3]缶類!$P$43 +[3]缶類!$U$43 -> 0 | P11: =SUM(N11:O11) -> 0 | Q11: =ROUND(M11+P11,1) -> 0
A12: 7 | J12: 7
B13: ='[4]収集（全般）'!$Q$44 -> 0 | C13: ='[4]収集（全般）'!$R$44 -> 0 | D13: =SUM(B13:C13) -> 0 | E13: ='[4]収集（全般）'!$S$44 -> 0 | F13: ='[4]収集（全般）'!$T$44 -> 0 | G13: =SUM(E13:F13) -> 0 | H13: =ROUND(D13+G13,1) -> 0 | K13: =[4]缶類!$M$43 +[4]缶類!$R$43 -> 0 | L13: =[4]缶類!$N$43 +[4]缶類!$S$43 -> 0 | M13: =SUM(K13:L13) -> 0 | N13: =[4]缶類!$O$43 +[4]缶類!$T$43 -> 0 | O13: =[4]缶類!$P$43 +[4]缶類!$U$43 -> 0 | P13: =SUM(N13:O13) -> 0 | Q13: =ROUND(M13+P13,1) -> 0
A14: 8 | J14: 8
B15: ='[5]収集（全般）'!$Q$44 -> 0 | C15: ='[5]収集（全般）'!$R$44 -> 0 | D15: =SUM(B15:C15) -> 0 | E15: ='[5]収集（全般）'!$S$44 -> 0 | F15: ='[5]収集（全般）'!$T$44 -> 0 | G15: =SUM(E15:F15) -> 0 | H15: =ROUND(D15+G15,1) -> 0 | K15: =[5]缶類!$M$43 +[5]缶類!$R$43 -> 0 | L15: =[5]缶類!$N$43 +[5]缶類!$S$43 -> 0 | M15: =SUM(K15:L15) -> 0 | N15: =[5]缶類!$O$43 +[5]缶類!$T$43 -> 0 | O15: =[5]缶類!$P$43 +[5]缶類!$U$43 -> 0 | P15: =SUM(N15:O15) -> 0 | Q15: =ROUND(M15+P15,1) -> 0
A16: 9 | J16: 9
B17: ='[6]収集（全般）'!$Q$44 -> 0 | C17: ='[6]収集（全般）'!$R$44 -> 0 | D17: =SUM(B17:C17) -> 0 | E17: ='[6]収集（全般）'!$S$44 -> 0 | F17: ='[6]収集（全般）'!$T$44 -> 0 | G17: =SUM(E17:F17) -> 0 | H17: =ROUND(D17+G17,1) -> 0 | K17: =[6]缶類!$M$43 +[6]缶類!$R$43 -> 0 | L17: =[6]缶類!$N$43 +[6]缶類!$S$43 -> 0 | M17: =SUM(K17:L17) -> 0 | N17: =[6]缶類!$O$43 +[6]缶類!$T$43 -> 0 | O17: =[6]缶類!$P$43 +[6]缶類!$U$43 -> 0 | P17: =SUM(N17:O17) -> 0 | Q17: =ROUND(M17+P17,1) -> 0
A18: 10 | J18: 10
B19: ='[7]収集（全般）'!$Q$44 -> 0 | C19: ='[7]収集（全般）'!$R$44 -> 0 | D19: =SUM(B19:C19) -> 0 | E19: ='[7]収集（全般）'!$S$44 -> 0 | F19: ='[7]収集（全般）'!$T$44 -> 0 | G19: =SUM(E19:F19) -> 0 | H19: =ROUND(D19+G19,1) -> 0 | K19: =[7]缶類!$M$43 +[7]缶類!$R$43 -> 0 | L19: =[7]缶類!$N$43 +[7]缶類!$S$43 -> 0 | M19: =SUM(K19:L19) -> 0 | N19: =[7]缶類!$O$43 +[7]缶類!$T$43 -> 0 | O19: =[7]缶類!$P$43 +[7]缶類!$U$43 -> 0 | P19: =SUM(N19:O19) -> 0 | Q19: =ROUND(M19+P19,1) -> 0
A20: 11 | J20: 11
B21: ='[8]収集（全般）'!$Q$44 -> 0 | C21: ='[8]収集（全般）'!$R$44 -> 0 | D21: =SUM(B21:C21) -> 0 | E21: ='[8]収集（全般）'!$S$44 -> 0 | F21: ='[8]収集（全般）'!$T$44 -> 0 | G21: =SUM(E21:F21) -> 0 | H21: =ROUND(D21+G21,1) -> 0 | K21: =[8]缶類!$M$43 +[8]缶類!$R$43 -> 0 | L21: =[8]缶類!$N$43 +[8]缶類!$S$43 -> 0 | M21: =SUM(K21:L21) -> 0 | N21: =[8]缶類!$O$43 +[8]缶類!$T$43 -> 0 | O21: =[8]缶類!$P$43 +[8]缶類!$U$43 -> 0 | P21: =SUM(N21:O21) -> 0 | Q21: =ROUND(M21+P21,1) -> 0
A22: 12 | J22: 12
B23: ='[9]収集（全般）'!$Q$44 -> 0 | C23: ='[9]収集（全般）'!$R$44 -> 0 | D23: =SUM(B23:C23) -> 0 | E23: ='[9]収集（全般）'!$S$44 -> 0 | F23: ='[9]収集（全般）'!$T$44 -> 0 | G23: =SUM(E23:F23) -> 0 | H23: =ROUND(D23+G23,1) -> 0 | K23: =[9]缶類!$M$43 +[9]缶類!$R$43 -> 0 | L23: =[9]缶類!$N$43 +[9]缶類!$S$43 -> 0 | M23: =SUM(K23:L23) -> 0 | N23: =[9]缶類!$O$43 +[9]缶類!$T$43 -> 0 | O23: =[9]缶類!$P$43 +[9]缶類!$U$43 -> 0 | P23: =SUM(N23:O23) -> 0 | Q23: =ROUND(M23+P23,1) -> 0
A24: 1 | J24: 1
B25: ='[10]収集（全般）'!$Q$44 -> 0 | C25: ='[10]収集（全般）'!$R$44 -> 0 | D25: =SUM(B25:C25) -> 0 | E25: ='[10]収集（全般）'!$S$44 -> 0 | F25: ='[10]収集（全般）'!$T$44 -> 0 | G25: =SUM(E25:F25) -> 0 | H25: =ROUND(D25+G25,1) -> 0 | K25: =[10]缶類!$M$43 +[10]缶類!$R$43 -> 0 | L25: =[10]缶類!$N$43 +[10]缶類!$S$43 -> 0 | M25: =SUM(K25:L25) -> 0 | N25: =[10]缶類!$O$43 +[10]缶類!$T$43 -> 0 | O25: =[10]缶類!$P$43 +[10]缶類!$U$43 -> 0 | P25: =SUM(N25:O25) -> 0 | Q25: =ROUND(M25+P25,1) -> 0
A26: 2 | J26: 2
B27: ='[11]収集（全般）'!$Q$44 -> 0 | C27: ='[11]収集（全般）'!$R$44 -> 0 | D27: =SUM(B27:C27) -> 0 | E27: ='[11]収集（全般）'!$S$44 -> 0 | F27: ='[11]収集（全般）'!$T$44 -> 0 | G27: =SUM(E27:F27) -> 0 | H27: =ROUND(D27+G27,1) -> 0 | K27: =[11]缶類!$M$43 +[11]缶類!$R$43 -> 0 | L27: =[11]缶類!$N$43 +[11]缶類!$S$43 -> 0 | M27: =SUM(K27:L27) -> 0 | N27: =[11]缶類!$O$43 +[11]缶類!$T$43 -> 0 | O27: =[11]缶類!$P$43 +[11]缶類!$U$43 -> 0 | P27: =SUM(N27:O27) -> 0 | Q27: =ROUND(M27+P27,1) -> 0
A28: 3 | J28: 3
B29: ='[12]収集（全般）'!$Q$44 -> 0 | C29: ='[12]収集（全般）'!$R$44 -> 0 | D29: =SUM(B29:C29) -> 0 | E29: ='[12]収集（全般）'!$S$44 -> 0 | F29: ='[12]収集（全般）'!$T$44 -> 0 | G29: =SUM(E29:F29) -> 0 | H29: =ROUND(D29+G29,1) -> 0 | K29: =[12]缶類!$M$43 +[12]缶類!$R$43 -> 0 | L29: =[12]缶類!$N$43 +[12]缶類!$S$43 -> 0 | M29: =SUM(K29:L29) -> 0 | N29: =[12]缶類!$O$43 +[12]缶類!$T$43 -> 0 | O29: =[12]缶類!$P$43 +[12]缶類!$U$43 -> 0 | P29: =SUM(N29:O29) -> 0 | Q29: =ROUND(M29+P29,1) -> 0
A31: 合計 | J31: 合計
B32: =SUM(B7+B9+B11+B13+B15+B17+B19+B21+B23+B25+B27+B29) -> 0 | C32: =SUM(C7+C9+C11+C13+C15+C17+C19+C21+C23+C25+C27+C29) -> 0 | D32: =SUM(D7+D9+D11+D13+D15+D17+D19+D21+D23+D25+D27+D29) -> 0 | E32: =SUM(E7+E9+E11+E13+E15+E17+E19+E21+E23+E25+E27+E29) -> 0 | F32: =SUM(F7+F9+F11+F13+F15+F17+F19+F21+F23+F25+F27+F29) -> 0 | G32: =SUM(G7+G9+G11+G13+G15+G17+G19+G21+G23+G25+G27+G29) -> 0 | H32: =SUM(H6:H29) -> 0 | K32: =SUM(K7+K9+K11+K13+K15+K17+K19+K21+K23+K25+K27+K29) -> 0 | L32: =SUM(L7+L9+L11+L13+L15+L17+L19+L21+L23+L25+L27+L29) -> 0 | M32: =SUM(M7+M9+M11+M13+M15+M17+M19+M21+M23+M25+M27+M29) -> 0 | N32: =SUM(N7+N9+N11+N13+N15+N17+N19+N21+N23+N25+N27+N29) -> 0 | O32: =SUM(O7+O9+O11+O13+O15+O17+O19+O21+O23+O25+O27+O29) -> 0 | P32: =SUM(P7+P9+P11+P13+P15+P17+P19+P21+P23+P25+P27+P29) -> 0 | Q32: =SUM(Q6:Q29) -> 0

Sheet 1-5
A1: ="令和"&'[1]A-1'!$E$9-2018&"年度 一般廃棄物（ごみ）収集地区別集計表 【第1－5表】" -> 令和9年度 一般廃棄物（ごみ）収集地区別集計表 【第1－5表】
B3: 【収集ペットボトル】 | K3: 【直搬ペットボトル】 | Q3: 単位：トン
A5: 月別 | B5: 鬼 脇 | C5: 鴛 泊 | D5: 利尻富士計 | E5: 仙法志 | F5: 沓 形 | G5: 利尻計 | H5: 合 計 | J5: 月別 | K5: 鬼 脇 | L5: 鴛 泊 | M5: 利尻富士計 | N5: 仙法志 | O5: 沓 形 | P5: 利尻計 | Q5: 合 計
A6: 4 | J6: 4
B7: ='[1]収集（全般）'!$V$44 -> 0 | C7: ='[1]収集（全般）'!$W$44 -> 0 | D7: =SUM(B7:C7) -> 0 | E7: ='[1]収集（全般）'!$X$44 -> 0 | F7: ='[1]収集（全般）'!$Y$44 -> 0 | G7: =SUM(E7:F7) -> 0 | H7: =ROUND(D7+G7,1) -> 0 | K7: =[1]ペットボトル!$M$43 +[1]ペットボトル!$R$43 -> 0 | L7: =[1]ペットボトル!$N$43 +[1]ペットボトル!$S$43 -> 0 | M7: =SUM(K7:L7) -> 0 | N7: =[1]ペットボトル!$O$43 +[1]ペットボトル!$T$43 -> 0 | O7: =[1]ペットボトル!$P$43 +[1]ペットボトル!$U$43 -> 0 | P7: =SUM(N7:O7) -> 0 | Q7: =ROUND(M7+P7,1) -> 0
A8: 5 | J8: 5
B9: ='[2]収集（全般）'!$V$44 -> 0 | C9: ='[2]収集（全般）'!$W$44 -> 0 | D9: =SUM(B9:C9) -> 0 | E9: ='[2]収集（全般）'!$X$44 -> 0 | F9: ='[2]収集（全般）'!$Y$44 -> 0 | G9: =SUM(E9:F9) -> 0 | H9: =ROUND(D9+G9,1) -> 0 | K9: =[2]ペットボトル!$M$43 +[2]ペットボトル!$R$43 -> 0 | L9: =[2]ペットボトル!$N$43 +[2]ペットボトル!$S$43 -> 0 | M9: =SUM(K9:L9) -> 0 | N9: =[2]ペットボトル!$O$43 +[2]ペットボトル!$T$43 -> 0 | O9: =[2]ペットボトル!$P$43 +[2]ペットボトル!$U$43 -> 0 | P9: =SUM(N9:O9) -> 0 | Q9: =ROUND(M9+P9,1) -> 0
A10: 6 | J10: 6
B11: ='[3]収集（全般）'!$V$44 -> 0 | C11: ='[3]収集（全般）'!$W$44 -> 0 | D11: =SUM(B11:C11) -> 0 | E11: ='[3]収集（全般）'!$X$44 -> 0 | F11: ='[3]収集（全般）'!$Y$44 -> 0 | G11: =SUM(E11:F11) -> 0 | H11: =ROUND(D11+G11,1) -> 0 | K11: =[3]ペットボトル!$M$43 +[2]ペットボトル!$R$43 -> 0 | L11: =[3]ペットボトル!$N$43 +[2]ペットボトル!$S$43 -> 0 | M11: =SUM(K11:L11) -> 0 | N11: =[3]ペットボトル!$O$43 +[2]ペットボトル!$T$43 -> 0 | O11: =[3]ペットボトル!$P$43 +[2]ペットボトル!$U$43 -> 0 | P11: =SUM(N11:O11) -> 0 | Q11: =ROUND(M11+P11,1) -> 0
A12: 7 | J12: 7
B13: ='[4]収集（全般）'!$V$44 -> 0 | C13: ='[4]収集（全般）'!$W$44 -> 0 | D13: =SUM(B13:C13) -> 0 | E13: ='[4]収集（全般）'!$X$44 -> 0 | F13: ='[4]収集（全般）'!$Y$44 -> 0 | G13: =SUM(E13:F13) -> 0 | H13: =ROUND(D13+G13,1) -> 0 | K13: =[4]ペットボトル!$M$43 +[4]ペットボトル!$R$43 -> 0 | L13: =[4]ペットボトル!$N$43 +[4]ペットボトル!$S$43 -> 0 | M13: =SUM(K13:L13) -> 0 | N13: =[4]ペットボトル!$O$43 +[4]ペットボトル!$T$43 -> 0 | O13: =[4]ペットボトル!$P$43 +[4]ペットボトル!$U$43 -> 0 | P13: =SUM(N13:O13) -> 0 | Q13: =ROUND(M13+P13,1) -> 0
A14: 8 | J14: 8
B15: ='[5]収集（全般）'!$V$44 -> 0 | C15: ='[5]収集（全般）'!$W$44 -> 0 | D15: =SUM(B15:C15) -> 0 | E15: ='[5]収集（全般）'!$X$44 -> 0 | F15: ='[5]収集（全般）'!$Y$44 -> 0 | G15: =SUM(E15:F15) -> 0 | H15: =ROUND(D15+G15,1) -> 0 | K15: =[5]ペットボトル!$M$43 +[5]ペットボトル!$R$43 -> 0 | L15: =[5]ペットボトル!$N$43 +[5]ペットボトル!$S$43 -> 0 | M15: =SUM(K15:L15) -> 0 | N15: =[5]ペットボトル!$O$43 +[5]ペットボトル!$T$43 -> 0 | O15: =[5]ペットボトル!$P$43 +[5]ペットボトル!$U$43 -> 0 | P15: =SUM(N15:O15) -> 0 | Q15: =ROUND(M15+P15,1) -> 0
A16: 9 | J16: 9
B17: ='[6]収集（全般）'!$V$44 -> 0 | C17: ='[6]収集（全般）'!$W$44 -> 0 | D17: =SUM(B17:C17) -> 0 | E17: ='[6]収集（全般）'!$X$44 -> 0 | F17: ='[6]収集（全般）'!$Y$44 -> 0 | G17: =SUM(E17:F17) -> 0 | H17: =ROUND(D17+G17,1) -> 0 | K17: =[6]ペットボトル!$M$43 +[6]ペットボトル!$R$43 -> 0 | L17: =[6]ペットボトル!$N$43 +[6]ペットボトル!$S$43 -> 0 | M17: =SUM(K17:L17) -> 0 | N17: =[6]ペットボトル!$O$43 +[6]ペットボトル!$T$43 -> 0 | O17: =[6]ペットボトル!$P$43 +[6]ペットボトル!$U$43 -> 0 | P17: =SUM(N17:O17) -> 0 | Q17: =ROUND(M17+P17,1) -> 0
A18: 10 | J18: 10
B19: ='[7]収集（全般）'!$V$44 -> 0 | C19: ='[7]収集（全般）'!$W$44 -> 0 | D19: =SUM(B19:C19) -> 0 | E19: ='[7]収集（全般）'!$X$44 -> 0 | F19: ='[7]収集（全般）'!$Y$44 -> 0 | G19: =SUM(E19:F19) -> 0 | H19: =ROUND(D19+G19,1) -> 0 | K19: =[7]ペットボトル!$M$43 +[6]ペットボトル!$R$43 -> 0 | L19: =[7]ペットボトル!$M$43 +[6]ペットボトル!$R$43 -> 0 | M19: =SUM(K19:L19) -> 0 | N19: =[7]ペットボトル!$M$43 +[6]ペットボトル!$R$43 -> 0 | O19: =[7]ペットボトル!$M$43 +[6]ペットボトル!$R$43 -> 0 | P19: =SUM(N19:O19) -> 0 | Q19: =ROUND(M19+P19,1) -> 0
A20: 11 | J20: 11
B21: ='[8]収集（全般）'!$V$44 -> 0 | C21: ='[8]収集（全般）'!$W$44 -> 0 | D21: =SUM(B21:C21) -> 0 | E21: ='[8]収集（全般）'!$X$44 -> 0 | F21: ='[8]収集（全般）'!$Y$44 -> 0 | G21: =SUM(E21:F21) -> 0 | H21: =ROUND(D21+G21,1) -> 0 | K21: =[8]ペットボトル!$M$43 +[8]ペットボトル!$R$43 -> 0 | L21: =[8]ペットボトル!$N$43 +[8]ペットボトル!$S$43 -> 0 | M21: =SUM(K21:L21) -> 0 | N21: =[8]ペットボトル!$O$43 +[8]ペットボトル!$T$43 -> 0 | O21: =[8]ペットボトル!$P$43 +[8]ペットボトル!$U$43 -> 0 | P21: =SUM(N21:O21) -> 0 | Q21: =ROUND(M21+P21,1) -> 0
A22: 12 | J22: 12
B23: ='[9]収集（全般）'!$V$44 -> 0 | C23: ='[9]収集（全般）'!$W$44 -> 0 | D23: =SUM(B23:C23) -> 0 | E23: ='[9]収集（全般）'!$X$44 -> 0 | F23: ='[9]収集（全般）'!$Y$44 -> 0 | G23: =SUM(E23:F23) -> 0 | H23: =ROUND(D23+G23,1) -> 0 | K23: =[9]ペットボトル!$M$43 +[9]ペットボトル!$R$43 -> 0 | L23: =[9]ペットボトル!$N$43 +[9]ペットボトル!$S$43 -> 0 | M23: =SUM(K23:L23) -> 0 | N23: =[9]ペットボトル!$O$43 +[9]ペットボトル!$T$43 -> 0 | O23: =[9]ペットボトル!$P$43 +[9]ペットボトル!$U$43 -> 0 | P23: =SUM(N23:O23) -> 0 | Q23: =ROUND(M23+P23,1) -> 0
A24: 1 | J24: 1
B25: ='[10]収集（全般）'!$V$44 -> 0 | C25: ='[10]収集（全般）'!$W$44 -> 0 | D25: =SUM(B25:C25) -> 0 | E25: ='[10]収集（全般）'!$X$44 -> 0 | F25: ='[10]収集（全般）'!$Y$44 -> 0 | G25: =SUM(E25:F25) -> 0 | H25: =ROUND(D25+G25,1) -> 0 | K25: =[10]ペットボトル!$M$43 +[10]ペットボトル!$R$43 -> 0 | L25: =[10]ペットボトル!$N$43 +[10]ペットボトル!$S$43 -> 0 | M25: =SUM(K25:L25) -> 0 | N25: =[10]ペットボトル!$O$43 +[10]ペットボトル!$T$43 -> 0 | O25: =[10]ペットボトル!$P$43 +[10]ペットボトル!$U$43 -> 0 | P25: =SUM(N25:O25) -> 0 | Q25: =ROUND(M25+P25,1) -> 0
A26: 2 | J26: 2
B27: ='[11]収集（全般）'!$V$44 -> 0 | C27: ='[11]収集（全般）'!$W$44 -> 0 | D27: =SUM(B27:C27) -> 0 | E27: ='[11]収集（全般）'!$X$44 -> 0 | F27: ='[11]収集（全般）'!$Y$44 -> 0 | G27: =SUM(E27:F27) -> 0 | H27: =ROUND(D27+G27,1) -> 0 | K27: =[11]ペットボトル!$M$43 +[11]ペットボトル!$R$43 -> 0 | L27: =[11]ペットボトル!$N$43 +[11]ペットボトル!$S$43 -> 0 | M27: =SUM(K27:L27) -> 0 | N27: =[11]ペットボトル!$O$43 +[11]ペットボトル!$T$43 -> 0 | O27: =[11]ペットボトル!$P$43 +[11]ペットボトル!$U$43 -> 0 | P27: =SUM(N27:O27) -> 0 | Q27: =ROUND(M27+P27,1) -> 0
A28: 3 | J28: 3
B29: ='[12]収集（全般）'!$V$44 -> 0 | C29: ='[12]収集（全般）'!$W$44 -> 0 | D29: =SUM(B29:C29) -> 0 | E29: ='[12]収集（全般）'!$X$44 -> 0 | F29: ='[12]収集（全般）'!$Y$44 -> 0 | G29: =SUM(E29:F29) -> 0 | H29: =ROUND(D29+G29,1) -> 0 | K29: =[12]ペットボトル!$M$43 +[12]ペットボトル!$R$43 -> 0 | L29: =[12]ペットボトル!$N$43 +[12]ペットボトル!$S$43 -> 0 | M29: =SUM(K29:L29) -> 0 | N29: =[12]ペットボトル!$O$43 +[12]ペットボトル!$T$43 -> 0 | O29: =[12]ペットボトル!$P$43 +[12]ペットボトル!$U$43 -> 0 | P29: =SUM(N29:O29) -> 0 | Q29: =ROUND(M29+P29,1) -> 0
A31: 合計 | J31: 合計
B32: =SUM(B7+B9+B11+B13+B15+B17+B19+B21+B23+B25+B27+B29) -> 0 | C32: =SUM(C7+C9+C11+C13+C15+C17+C19+C21+C23+C25+C27+C29) -> 0 | D32: =SUM(D7+D9+D11+D13+D15+D17+D19+D21+D23+D25+D27+D29) -> 0 | E32: =SUM(E7+E9+E11+E13+E15+E17+E19+E21+E23+E25+E27+E29) -> 0 | F32: =SUM(F7+F9+F11+F13+F15+F17+F19+F21+F23+F25+F27+F29) -> 0 | G32: =SUM(G7+G9+G11+G13+G15+G17+G19+G21+G23+G25+G27+G29) -> 0 | H32: =SUM(H6:H29) -> 0 | K32: =SUM(K7+K9+K11+K13+K15+K17+K19+K21+K23+K25+K27+K29) -> 0 | L32: =SUM(L7+L9+L11+L13+L15+L17+L19+L21+L23+L25+L27+L29) -> 0 | M32: =SUM(M7+M9+M11+M13+M15+M17+M19+M21+M23+M25+M27+M29) -> 0 | N32: =SUM(N7+N9+N11+N13+N15+N17+N19+N21+N23+N25+N27+N29) -> 0 | O32: =SUM(O7+O9+O11+O13+O15+O17+O19+O21+O23+O25+O27+O29) -> 0 | P32: =SUM(P7+P9+P11+P13+P15+P17+P19+P21+P23+P25+P27+P29) -> 0 | Q32: =SUM(Q6:Q29) -> 0

Sheet 1-6
A1: ="令和"&'[1]A-1'!$E$9-2018&"年度 一般廃棄物（ごみ）収集地区別集計表 【第1－6表】" -> 令和9年度 一般廃棄物（ごみ）収集地区別集計表 【第1－6表】
B3: 【収集紙類】 | K3: 【直搬紙類】 | Q3: 単位：トン
A5: 月別 | B5: 鬼 脇 | C5: 鴛 泊 | D5: 利尻富士計 | E5: 仙法志 | F5: 沓 形 | G5: 利尻計 | H5: 合 計 | J5: 月別 | K5: 鬼 脇 | L5: 鴛 泊 | M5: 利尻富士計 | N5: 仙法志 | O5: 沓 形 | P5: 利尻計 | Q5: 合 計
A6: 4 | J6: 4
B7: ='[1]収集（全般）'!$AA$44 -> 0 | C7: ='[1]収集（全般）'!$AB$44 -> 0 | D7: =SUM(B7:C7) -> 0 | E7: ='[1]収集（全般）'!$AC$44 -> 0 | F7: ='[1]収集（全般）'!$AD$44 -> 0 | G7: =SUM(E7:F7) -> 0 | H7: =ROUND(D7+G7,1) -> 0 | K7: =[1]紙類!$R$43 -> 0 | L7: =[1]紙類!$S$43 -> 0 | M7: =SUM(K7:L7) -> 0 | N7: =[1]紙類!$T$43 -> 0 | O7: =[1]紙類!$U$43 -> 0 | P7: =SUM(N7:O7) -> 0 | Q7: =ROUND(M7+P7,1) -> 0
A8: 5 | J8: 5
B9: ='[2]収集（全般）'!$AA$44 -> 0 | C9: ='[2]収集（全般）'!$AB$44 -> 0 | D9: =SUM(B9:C9) -> 0 | E9: ='[2]収集（全般）'!$AC$44 -> 0 | F9: ='[2]収集（全般）'!$AD$44 -> 0 | G9: =SUM(E9:F9) -> 0 | H9: =ROUND(D9+G9,1) -> 0 | K9: =[2]紙類!$R$43 -> 0 | L9: =[2]紙類!$S$43 -> 0 | M9: =SUM(K9:L9) -> 0 | N9: =[2]紙類!$T$43 -> 0 | O9: =[2]紙類!$U$43 -> 0 | P9: =SUM(N9:O9) -> 0 | Q9: =ROUND(M9+P9,1) -> 0
A10: 6 | J10: 6
B11: ='[3]収集（全般）'!$AA$44 -> 0 | C11: ='[3]収集（全般）'!$AB$44 -> 0 | D11: =SUM(B11:C11) -> 0 | E11: ='[3]収集（全般）'!$AC$44 -> 0 | F11: ='[3]収集（全般）'!$AD$44 -> 0 | G11: =SUM(E11:F11) -> 0 | H11: =ROUND(D11+G11,1) -> 0 | K11: =[3]紙類!$R$43 -> 0 | L11: =[3]紙類!$S$43 -> 0 | M11: =SUM(K11:L11) -> 0 | N11: =[3]紙類!$T$43 -> 0 | O11: =[3]紙類!$U$43 -> 0 | P11: =SUM(N11:O11) -> 0 | Q11: =ROUND(M11+P11,1) -> 0
A12: 7 | J12: 7
B13: ='[4]収集（全般）'!$AA$44 -> 0 | C13: ='[4]収集（全般）'!$AB$44 -> 0 | D13: =SUM(B13:C13) -> 0 | E13: ='[4]収集（全般）'!$AC$44 -> 0 | F13: ='[4]収集（全般）'!$AD$44 -> 0 | G13: =SUM(E13:F13) -> 0 | H13: =ROUND(D13+G13,1) -> 0 | K13: =[4]紙類!$R$43 -> 0 | L13: =[4]紙類!$S$43 -> 0 | M13: =SUM(K13:L13) -> 0 | N13: =[4]紙類!$T$43 -> 0 | O13: =[4]紙類!$U$43 -> 0 | P13: =SUM(N13:O13) -> 0 | Q13: =ROUND(M13+P13,1) -> 0
A14: 8 | J14: 8
B15: ='[5]収集（全般）'!$AA$44 -> 0 | C15: ='[5]収集（全般）'!$AB$44 -> 0 | D15: =SUM(B15:C15) -> 0 | E15: ='[5]収集（全般）'!$AC$44 -> 0 | F15: ='[5]収集（全般）'!$AD$44 -> 0 | G15: =SUM(E15:F15) -> 0 | H15: =ROUND(D15+G15,1) -> 0 | K15: =[5]紙類!$R$43 -> 0 | L15: =[5]紙類!$S$43 -> 0 | M15: =SUM(K15:L15) -> 0 | N15: =[5]紙類!$T$43 -> 0 | O15: =[5]紙類!$U$43 -> 0 | P15: =SUM(N15:O15) -> 0 | Q15: =ROUND(M15+P15,1) -> 0
A16: 9 | J16: 9
B17: ='[6]収集（全般）'!$AA$44 -> 0 | C17: ='[6]収集（全般）'!$AB$44 -> 0 | D17: =SUM(B17:C17) -> 0 | E17: ='[6]収集（全般）'!$AC$44 -> 0 | F17: ='[6]収集（全般）'!$AD$44 -> 0 | G17: =SUM(E17:F17) -> 0 | H17: =ROUND(D17+G17,1) -> 0 | K17: =[6]紙類!$R$43 -> 0 | L17: =[6]紙類!$S$43 -> 0 | M17: =SUM(K17:L17) -> 0 | N17: =[6]紙類!$T$43 -> 0 | O17: =[6]紙類!$U$43 -> 0 | P17: =SUM(N17:O17) -> 0 | Q17: =ROUND(M17+P17,1) -> 0
A18: 10 | J18: 10
B19: ='[7]収集（全般）'!$AA$44 -> 0 | C19: ='[7]収集（全般）'!$AB$44 -> 0 | D19: =SUM(B19:C19) -> 0 | E19: ='[7]収集（全般）'!$AC$44 -> 0 | F19: ='[7]収集（全般）'!$AD$44 -> 0 | G19: =SUM(E19:F19) -> 0 | H19: =ROUND(D19+G19,1) -> 0 | K19: =[7]紙類!$R$43 -> 0 | L19: =[7]紙類!$S$43 -> 0 | M19: =SUM(K19:L19) -> 0 | N19: =[7]紙類!$T$43 -> 0 | O19: =[7]紙類!$U$43 -> 0 | P19: =SUM(N19:O19) -> 0 | Q19: =ROUND(M19+P19,1) -> 0
A20: 11 | J20: 11
B21: ='[8]収集（全般）'!$AA$44 -> 0 | C21: ='[8]収集（全般）'!$AB$44 -> 0 | D21: =SUM(B21:C21) -> 0 | E21: ='[8]収集（全般）'!$AC$44 -> 0 | F21: ='[8]収集（全般）'!$AD$44 -> 0 | G21: =SUM(E21:F21) -> 0 | H21: =ROUND(D21+G21,1) -> 0 | K21: =[8]紙類!$R$43 -> 0 | L21: =[8]紙類!$S$43 -> 0 | M21: =SUM(K21:L21) -> 0 | N21: =[8]紙類!$T$43 -> 0 | O21: =[8]紙類!$U$43 -> 0 | P21: =SUM(N21:O21) -> 0 | Q21: =ROUND(M21+P21,1) -> 0
A22: 12 | J22: 12
B23: ='[9]収集（全般）'!$AA$44 -> 0 | C23: ='[9]収集（全般）'!$AB$44 -> 0 | D23: =SUM(B23:C23) -> 0 | E23: ='[9]収集（全般）'!$AC$44 -> 0 | F23: ='[9]収集（全般）'!$AD$44 -> 0 | G23: =SUM(E23:F23) -> 0 | H23: =ROUND(D23+G23,1) -> 0 | K23: =[9]紙類!$R$43 -> 0 | L23: =[9]紙類!$S$43 -> 0 | M23: =SUM(K23:L23) -> 0 | N23: =[9]紙類!$T$43 -> 0 | O23: =[9]紙類!$U$43 -> 0 | P23: =SUM(N23:O23) -> 0 | Q23: =ROUND(M23+P23,1) -> 0
A24: 1 | J24: 1
B25: ='[10]収集（全般）'!$AA$44 -> 0 | C25: ='[10]収集（全般）'!$AB$44 -> 0 | D25: =SUM(B25:C25) -> 0 | E25: ='[10]収集（全般）'!$AC$44 -> 0 | F25: ='[10]収集（全般）'!$AD$44 -> 0 | G25: =SUM(E25:F25) -> 0 | H25: =ROUND(D25+G25,1) -> 0 | K25: =[10]紙類!$R$43 -> 0 | L25: =[10]紙類!$S$43 -> 0 | M25: =SUM(K25:L25) -> 0 | N25: =[10]紙類!$T$43 -> 0 | O25: =[10]紙類!$U$43 -> 0 | P25: =SUM(N25:O25) -> 0 | Q25: =ROUND(M25+P25,1) -> 0
A26: 2 | J26: 2
B27: ='[11]収集（全般）'!$AA$44 -> 0 | C27: ='[11]収集（全般）'!$AB$44 -> 0 | D27: =SUM(B27:C27) -> 0 | E27: ='[11]収集（全般）'!$AC$44 -> 0 | F27: ='[11]収集（全般）'!$AD$44 -> 0 | G27: =SUM(E27:F27) -> 0 | H27: =ROUND(D27+G27,1) -> 0 | K27: =[11]紙類!$R$43 -> 0 | L27: =[11]紙類!$S$43 -> 0 | M27: =SUM(K27:L27) -> 0 | N27: =[11]紙類!$T$43 -> 0 | O27: =[11]紙類!$U$43 -> 0 | P27: =SUM(N27:O27) -> 0 | Q27: =ROUND(M27+P27,1) -> 0
A28: 3 | J28: 3
B29: ='[12]収集（全般）'!$AA$44 -> 0 | C29: ='[12]収集（全般）'!$AB$44 -> 0 | D29: =SUM(B29:C29) -> 0 | E29: ='[12]収集（全般）'!$AC$44 -> 0 | F29: ='[12]収集（全般）'!$AD$44 -> 0 | G29: =SUM(E29:F29) -> 0 | H29: =ROUND(D29+G29,1) -> 0 | K29: =[12]紙類!$R$43 -> 0 | L29: =[12]紙類!$S$43 -> 0 | M29: =SUM(K29:L29) -> 0 | N29: =[12]紙類!$T$43 -> 0 | O29: =[12]紙類!$U$43 -> 0 | P29: =SUM(N29:O29) -> 0 | Q29: =ROUND(M29+P29,1) -> 0
A31: 合計 | J31: 合計
B32: =SUM(B7+B9+B11+B13+B15+B17+B19+B21+B23+B25+B27+B29) -> 0 | C32: =SUM(C7+C9+C11+C13+C15+C17+C19+C21+C23+C25+C27+C29) -> 0 | D32: =SUM(D7+D9+D11+D13+D15+D17+D19+D21+D23+D25+D27+D29) -> 0 | E32: =SUM(E7+E9+E11+E13+E15+E17+E19+E21+E23+E25+E27+E29) -> 0 | F32: =SUM(F7+F9+F11+F13+F15+F17+F19+F21+F23+F25+F27+F29) -> 0 | G32: =SUM(G7+G9+G11+G13+G15+G17+G19+G21+G23+G25+G27+G29) -> 0 | H32: =SUM(H6:H29) -> 0 | K32: =SUM(K7+K9+K11+K13+K15+K17+K19+K21+K23+K25+K27+K29) -> 0 | L32: =SUM(L7+L9+L11+L13+L15+L17+L19+L21+L23+L25+L27+L29) -> 0 | M32: =SUM(M7+M9+M11+M13+M15+M17+M19+M21+M23+M25+M27+M29) -> 0 | N32: =SUM(N7+N9+N11+N13+N15+N17+N19+N21+N23+N25+N27+N29) -> 0 | O32: =SUM(O7+O9+O11+O13+O15+O17+O19+O21+O23+O25+O27+O29) -> 0 | P32: =SUM(P7+P9+P11+P13+P15+P17+P19+P21+P23+P25+P27+P29) -> 0 | Q32: =SUM(Q6:Q29) -> 0

Sheet 1-7
A1: ="令和"&'[1]A-1'!$E$9-2018&"年度 一般廃棄物（ごみ）収集地区別集計表 【第1－7表】" -> 令和9年度 一般廃棄物（ごみ）収集地区別集計表 【第1－7表】
B3: 【収集粗大ごみ】 | K3: 【直搬粗大ごみ】 | Q3: 単位：トン
A5: 月別 | B5: 鬼 脇 | C5: 鴛 泊 | D5: 利尻富士計 | E5: 仙法志 | F5: 沓 形 | G5: 利尻計 | H5: 合 計 | J5: 月別 | K5: 鬼 脇 | L5: 鴛 泊 | M5: 利尻富士計 | N5: 仙法志 | O5: 沓 形 | P5: 利尻計 | Q5: 合 計
A6: 4 | J6: 4
B7: =[1]粗大!$B$43 -> 0 | C7: =[1]粗大!$C$43 -> 0 | D7: =SUM(B7:C7) -> 0 | E7: =[1]粗大!$D$43 -> 0 | F7: =[1]粗大!$E$43 -> 0 | G7: =SUM(E7:F7) -> 0 | H7: =ROUND(D7+G7,1) -> 0 | K7: =[1]粗大!$Q$43 +[1]粗大!$V$43 -> 0 | L7: =[1]粗大!$R$43 +[1]粗大!$W$43 -> 0 | M7: =SUM(K7:L7) -> 0 | N7: =[1]粗大!$S$43 +[1]粗大!$X$43 -> 0 | O7: =[1]粗大!$T$43 +[1]粗大!$Y$43 -> 0 | P7: =SUM(N7:O7) -> 0 | Q7: =[1]粗大!$U$43 +[1]粗大!$Z$43 -> 0
A8: 5 | J8: 5
B9: =[2]粗大!$B$43 -> 0 | C9: =[2]粗大!$C$43 -> 0 | D9: =SUM(B9:C9) -> 0 | E9: =[2]粗大!$D$43 -> 0 | F9: =[2]粗大!$E$43 -> 0 | G9: =SUM(E9:F9) -> 0 | H9: =ROUND(D9+G9,1) -> 0 | K9: =[2]粗大!$Q$43 +[2]粗大!$V$43 -> 0 | L9: =[2]粗大!$R$43 +[2]粗大!$W$43 -> 0 | M9: =SUM(K9:L9) -> 0 | N9: =[2]粗大!$S$43 +[2]粗大!$X$43 -> 0 | O9: =[2]粗大!$T$43 +[2]粗大!$Y$43 -> 0 | P9: =SUM(N9:O9) -> 0 | Q9: =[2]粗大!$U$43 +[2]粗大!$Z$43 -> 0
A10: 6 | J10: 6
B11: =[3]粗大!$B$43 -> 0 | C11: =[3]粗大!$C$43 -> 0 | D11: =SUM(B11:C11) -> 0 | E11: =[3]粗大!$D$43 -> 0 | F11: =[3]粗大!$E$43 -> 0 | G11: =SUM(E11:F11) -> 0 | H11: =ROUND(D11+G11,1) -> 0 | K11: =[3]粗大!$Q$43 +[3]粗大!$V$43 -> 0 | L11: =[3]粗大!$R$43 +[3]粗大!$W$43 -> 0 | M11: =SUM(K11:L11) -> 0 | N11: =[3]粗大!$S$43 +[3]粗大!$X$43 -> 0 | O11: =[3]粗大!$T$43 +[3]粗大!$Y$43 -> 0 | P11: =SUM(N11:O11) -> 0 | Q11: =[3]粗大!$U$43 +[3]粗大!$Z$43 -> 0
A12: 7 | J12: 7
B13: =[4]粗大!$B$43 -> 0 | C13: =[4]粗大!$C$43 -> 0 | D13: =SUM(B13:C13) -> 0 | E13: =[4]粗大!$D$43 -> 0 | F13: =[4]粗大!$E$43 -> 0 | G13: =SUM(E13:F13) -> 0 | H13: =ROUND(D13+G13,1) -> 0 | K13: =[4]粗大!$Q$43 +[4]粗大!$V$43 -> 0 | L13: =[4]粗大!$R$43 +[4]粗大!$W$43 -> 0 | M13: =SUM(K13:L13) -> 0 | N13: =[4]粗大!$S$43 +[4]粗大!$X$43 -> 0 | O13: =[4]粗大!$T$43 +[4]粗大!$Y$43 -> 0 | P13: =SUM(N13:O13) -> 0 | Q13: =[4]粗大!$U$43 +[4]粗大!$Z$43 -> 0
A14: 8 | J14: 8
B15: =[5]粗大!$B$43 -> 0 | C15: =[5]粗大!$C$43 -> 0 | D15: =SUM(B15:C15) -> 0 | E15: =[5]粗大!$D$43 -> 0 | F15: =[5]粗大!$E$43 -> 0 | G15: =SUM(E15:F15) -> 0 | H15: =ROUND(D15+G15,1) -> 0 | K15: =[5]粗大!$Q$43 +[5]粗大!$V$43 -> 0 | L15: =[5]粗大!$R$43 +[5]粗大!$W$43 -> 0 | M15: =SUM(K15:L15) -> 0 | N15: =[5]粗大!$S$43 +[5]粗大!$X$43 -> 0 | O15: =[5]粗大!$T$43 +[5]粗大!$Y$43 -> 0 | P15: =SUM(N15:O15) -> 0 | Q15: =[5]粗大!$U$43 +[5]粗大!$Z$43 -> 0
A16: 9 | J16: 9
B17: =[6]粗大!$B$43 -> 0 | C17: =[6]粗大!$C$43 -> 0 | D17: =SUM(B17:C17) -> 0 | E17: =[6]粗大!$D$43 -> 0 | F17: =[6]粗大!$E$43 -> 0 | G17: =SUM(E17:F17) -> 0 | H17: =ROUND(D17+G17,1) -> 0 | K17: =[6]粗大!$Q$43 +[6]粗大!$V$43 -> 0 | L17: =[6]粗大!$R$43 +[6]粗大!$W$43 -> 0 | M17: =SUM(K17:L17) -> 0 | N17: =[6]粗大!$S$43 +[6]粗大!$X$43 -> 0 | O17: =[6]粗大!$T$43 +[6]粗大!$Y$43 -> 0 | P17: =SUM(N17:O17) -> 0 | Q17: =[6]粗大!$U$43 +[6]粗大!$Z$43 -> 0
A18: 10 | J18: 10
B19: =[7]粗大!$B$43 -> 0 | C19: =[7]粗大!$C$43 -> 0 | D19: =SUM(B19:C19) -> 0 | E19: =[7]粗大!$D$43 -> 0 | F19: =[7]粗大!$E$43 -> 0 | G19: =SUM(E19:F19) -> 0 | H19: =ROUND(D19+G19,1) -> 0 | K19: =[7]粗大!$Q$43 +[7]粗大!$V$43 -> 0 | L19: =[7]粗大!$R$43 +[7]粗大!$W$43 -> 0 | M19: =SUM(K19:L19) -> 0 | N19: =[7]粗大!$S$43 +[7]粗大!$X$43 -> 0 | O19: =[7]粗大!$T$43 +[7]粗大!$Y$43 -> 0 | P19: =SUM(N19:O19) -> 0 | Q19: =[7]粗大!$U$43 +[7]粗大!$Z$43 -> 0
A20: 11 | J20: 11
B21: =[8]粗大!$B$43 -> 0 | C21: =[8]粗大!$C$43 -> 0 | D21: =SUM(B21:C21) -> 0 | E21: =[8]粗大!$D$43 -> 0 | F21: =[8]粗大!$E$43 -> 0 | G21: =SUM(E21:F21) -> 0 | H21: =ROUND(D21+G21,1) -> 0 | K21: =[8]粗大!$Q$43 +[8]粗大!$V$43 -> 0 | L21: =[8]粗大!$R$43 +[8]粗大!$W$43 -> 0 | M21: =SUM(K21:L21) -> 0 | N21: =[8]粗大!$S$43 +[8]粗大!$X$43 -> 0 | O21: =[8]粗大!$T$43 +[8]粗大!$Y$43 -> 0 | P21: =SUM(N21:O21) -> 0 | Q21: =[8]粗大!$U$43 +[8]粗大!$Z$43 -> 0
A22: 12 | J22: 12
B23: =[9]粗大!$B$43 -> 0 | C23: =[9]粗大!$C$43 -> 0 | D23: =SUM(B23:C23) -> 0 | E23: =[9]粗大!$D$43 -> 0 | F23: =[9]粗大!$E$43 -> 0 | G23: =SUM(E23:F23) -> 0 | H23: =ROUND(D23+G23,1) -> 0 | K23: =[9]粗大!$Q$43 +[9]粗大!$V$43 -> 0 | L23: =[9]粗大!$R$43 +[9]粗大!$W$43 -> 0 | M23: =SUM(K23:L23) -> 0 | N23: =[9]粗大!$S$43 +[9]粗大!$X$43 -> 0 | O23: =[9]粗大!$T$43 +[9]粗大!$Y$43 -> 0 | P23: =SUM(N23:O23) -> 0 | Q23: =[9]粗大!$U$43 +[9]粗大!$Z$43 -> 0
A24: 1 | J24: 1
B25: =[10]粗大!$B$43 -> 0 | C25: =[10]粗大!$C$43 -> 0 | D25: =SUM(B25:C25) -> 0 | E25: =[10]粗大!$D$43 -> 0 | F25: =[10]粗大!$E$43 -> 0 | G25: =SUM(E25:F25) -> 0 | H25: =ROUND(D25+G25,1) -> 0 | K25: =[10]粗大!$Q$43 +[10]粗大!$V$43 -> 0 | L25: =[10]粗大!$R$43 +[10]粗大!$W$43 -> 0 | M25: =SUM(K25:L25) -> 0 | N25: =[10]粗大!$S$43 +[10]粗大!$X$43 -> 0 | O25: =[10]粗大!$T$43 +[10]粗大!$Y$43 -> 0 | P25: =SUM(N25:O25) -> 0 | Q25: =[10]粗大!$U$43 +[10]粗大!$Z$43 -> 0
A26: 2 | J26: 2
B27: =[11]粗大!$B$43 -> 0 | C27: =[11]粗大!$C$43 -> 0 | D27: =SUM(B27:C27) -> 0 | E27: =[11]粗大!$D$43 -> 0 | F27: =[11]粗大!$E$43 -> 0 | G27: =SUM(E27:F27) -> 0 | H27: =ROUND(D27+G27,1) -> 0 | K27: =[11]粗大!$Q$43 +[11]粗大!$V$43 -> 0 | L27: =[11]粗大!$R$43 +[11]粗大!$W$43 -> 0 | M27: =SUM(K27:L27) -> 0 | N27: =[11]粗大!$S$43 +[11]粗大!$X$43 -> 0 | O27: =[11]粗大!$T$43 +[11]粗大!$Y$43 -> 0 | P27: =SUM(N27:O27) -> 0 | Q27: =[11]粗大!$U$43 +[11]粗大!$Z$43 -> 0
A28: 3 | J28: 3
B29: =[12]粗大!$B$43 -> 0 | C29: =[12]粗大!$C$43 -> 0 | D29: =SUM(B29:C29) -> 0 | E29: =[12]粗大!$D$43 -> 0 | F29: =[12]粗大!$E$43 -> 0 | G29: =SUM(E29:F29) -> 0 | H29: =ROUND(D29+G29,1) -> 0 | K29: =[12]粗大!$Q$43 +[12]粗大!$V$43 -> 0 | L29: =[12]粗大!$R$43 +[12]粗大!$W$43 -> 0 | M29: =SUM(K29:L29) -> 0 | N29: =[12]粗大!$S$43 +[12]粗大!$X$43 -> 0 | O29: =[12]粗大!$T$43 +[12]粗大!$Y$43 -> 0 | P29: =SUM(N29:O29) -> 0 | Q29: =[12]粗大!$U$43 +[12]粗大!$Z$43 -> 0
A31: 合計 | J31: 合計
B32: =SUM(B7+B9+B11+B13+B15+B17+B19+B21+B23+B25+B27+B29) -> 0 | C32: =SUM(C7+C9+C11+C13+C15+C17+C19+C21+C23+C25+C27+C29) -> 0 | D32: =SUM(D7+D9+D11+D13+D15+D17+D19+D21+D23+D25+D27+D29) -> 0 | E32: =SUM(E7+E9+E11+E13+E15+E17+E19+E21+E23+E25+E27+E29) -> 0 | F32: =SUM(F7+F9+F11+F13+F15+F17+F19+F21+F23+F25+F27+F29) -> 0 | G32: =SUM(G7+G9+G11+G13+G15+G17+G19+G21+G23+G25+G27+G29) -> 0 | H32: =SUM(H6:H29) -> 0 | K32: =SUM(K7+K9+K11+K13+K15+K17+K19+K21+K23+K25+K27+K29) -> 0 | L32: =SUM(L7+L9+L11+L13+L15+L17+L19+L21+L23+L25+L27+L29) -> 0 | M32: =SUM(M7+M9+M11+M13+M15+M17+M19+M21+M23+M25+M27+M29) -> 0 | N32: =SUM(N7+N9+N11+N13+N15+N17+N19+N21+N23+N25+N27+N29) -> 0 | O32: =SUM(O7+O9+O11+O13+O15+O17+O19+O21+O23+O25+O27+O29) -> 0 | P32: =SUM(P7+P9+P11+P13+P15+P17+P19+P21+P23+P25+P27+P29) -> 0 | Q32: =SUM(Q6:Q29) -> 0

Sheet 2-1
A1: ="令和"&'[1]A-1'!$E$9-2018&"年度 一般産業廃棄物(焼却)処理地区別集計表 【第2－1表】" -> 令和9年度 一般産業廃棄物(焼却)処理地区別集計表 【第2－1表】
B3: 【収集可燃ごみ】 | K3: 【直搬可燃ごみ】 | Q3: 単位：トン
A5: 月別 | B5: 鬼 脇 | C5: 鴛 泊 | D5: 利尻富士計 | E5: 仙法志 | F5: 沓 形 | G5: 利尻計 | H5: 合 計 | J5: 月別 | K5: 鬼 脇 | L5: 鴛 泊 | M5: 利尻富士計 | N5: 仙法志 | O5: 沓 形 | P5: 利尻計 | Q5: 合 計
A6: 4 | J6: 4
B7: =[1]可燃!$B$43 -> 0 | C7: =[1]可燃!$C$43 -> 0 | D7: =SUM(B7:C7) -> 0 | E7: =[1]可燃!$D$43 -> 0 | F7: =[1]可燃!$E$43 -> 0 | G7: =SUM(E7:F7) -> 0 | H7: =ROUND(D7+G7,1) -> 0 | K7: =[1]可燃!$M$43 -> 0 | L7: =[1]可燃!$N$43 -> 0 | M7: =SUM(K7:L7) -> 0 | N7: =[1]可燃!$O$43 -> 0 | O7: =[1]可燃!$P$43 -> 0 | P7: =SUM(N7:O7) -> 0 | Q7: =ROUND(M7+P7,1) -> 0
A8: 5 | J8: 5
B9: =[2]可燃!$B$43 -> 0 | C9: =[2]可燃!$C$43 -> 0 | D9: =SUM(B9:C9) -> 0 | E9: =[2]可燃!$D$43 -> 0 | F9: =[2]可燃!$E$43 -> 0 | G9: =SUM(E9:F9) -> 0 | H9: =ROUND(D9+G9,1) -> 0 | K9: =[2]可燃!$M$43 -> 0 | L9: =[2]可燃!$N$43 -> 0 | M9: =SUM(K9:L9) -> 0 | N9: =[2]可燃!$O$43 -> 0 | O9: =[2]可燃!$P$43 -> 0 | P9: =SUM(N9:O9) -> 0 | Q9: =ROUND(M9+P9,1) -> 0
A10: 6 | J10: 6
B11: =[3]可燃!$B$43 -> 0 | C11: =[3]可燃!$C$43 -> 0 | D11: =SUM(B11:C11) -> 0 | E11: =[3]可燃!$D$43 -> 0 | F11: =[3]可燃!$E$43 -> 0 | G11: =SUM(E11:F11) -> 0 | H11: =ROUND(D11+G11,1) -> 0 | K11: =[3]可燃!$M$43 -> 0 | L11: =[3]可燃!$N$43 -> 0 | M11: =SUM(K11:L11) -> 0 | N11: =[3]可燃!$O$43 -> 0 | O11: =[3]可燃!$P$43 -> 0 | P11: =SUM(N11:O11) -> 0 | Q11: =ROUND(M11+P11,1) -> 0
A12: 7 | J12: 7
B13: =[4]可燃!$B$43 -> 0 | C13: =[4]可燃!$C$43 -> 0 | D13: =SUM(B13:C13) -> 0 | E13: =[4]可燃!$D$43 -> 0 | F13: =[4]可燃!$E$43 -> 0 | G13: =SUM(E13:F13) -> 0 | H13: =ROUND(D13+G13,1) -> 0 | K13: =[4]可燃!$M$43 -> 0 | L13: =[4]可燃!$N$43 -> 0 | M13: =SUM(K13:L13) -> 0 | N13: =[4]可燃!$O$43 -> 0 | O13: =[4]可燃!$P$43 -> 0 | P13: =SUM(N13:O13) -> 0 | Q13: =ROUND(M13+P13,1) -> 0
A14: 8 | J14: 8
B15: =[5]可燃!$B$43 -> 0 | C15: =[5]可燃!$C$43 -> 0 | D15: =SUM(B15:C15) -> 0 | E15: =[5]可燃!$D$43 -> 0 | F15: =[5]可燃!$E$43 -> 0 | G15: =SUM(E15:F15) -> 0 | H15: =ROUND(D15+G15,1) -> 0 | K15: =[5]可燃!$M$43 -> 0 | L15: =[5]可燃!$N$43 -> 0 | M15: =SUM(K15:L15) -> 0 | N15: =[5]可燃!$O$43 -> 0 | O15: =[5]可燃!$P$43 -> 0 | P15: =SUM(N15:O15) -> 0 | Q15: =ROUND(M15+P15,1) -> 0
A16: 9 | J16: 9
B17: =[6]可燃!$B$43 -> 0 | C17: =[6]可燃!$C$43 -> 0 | D17: =SUM(B17:C17) -> 0 | E17: =[6]可燃!$D$43 -> 0 | F17: =[6]可燃!$E$43 -> 0 | G17: =SUM(E17:F17) -> 0 | H17: =ROUND(D17+G17,1) -> 0 | K17: =[6]可燃!$M$43 -> 0 | L17: =[6]可燃!$N$43 -> 0 | M17: =SUM(K17:L17) -> 0 | N17: =[6]可燃!$O$43 -> 0 | O17: =[6]可燃!$P$43 -> 0 | P17: =SUM(N17:O17) -> 0 | Q17: =ROUND(M17+P17,1) -> 0
A18: 10 | J18: 10
B19: =[7]可燃!$B$43 -> 0 | C19: =[7]可燃!$C$43 -> 0 | D19: =SUM(B19:C19) -> 0 | E19: =[7]可燃!$D$43 -> 0 | F19: =[7]可燃!$E$43 -> 0 | G19: =SUM(E19:F19) -> 0 | H19: =ROUND(D19+G19,1) -> 0 | K19: =[7]可燃!$M$43 -> 0 | L19: =[7]可燃!$N$43 -> 0 | M19: =SUM(K19:L19) -> 0 | N19: =[7]可燃!$O$43 -> 0 | O19: =[7]可燃!$P$43 -> 0 | P19: =SUM(N19:O19) -> 0 | Q19: =ROUND(M19+P19,1) -> 0
A20: 11 | J20: 11
B21: =[8]可燃!$B$43 -> 0 | C21: =[8]可燃!$C$43 -> 0 | D21: =SUM(B21:C21) -> 0 | E21: =[8]可燃!$D$43 -> 0 | F21: =[8]可燃!$E$43 -> 0 | G21: =SUM(E21:F21) -> 0 | H21: =ROUND(D21+G21,1) -> 0 | K21: =[8]可燃!$M$43 -> 0 | L21: =[8]可燃!$N$43 -> 0 | M21: =SUM(K21:L21) -> 0 | N21: =[8]可燃!$O$43 -> 0 | O21: =[8]可燃!$P$43 -> 0 | P21: =SUM(N21:O21) -> 0 | Q21: =ROUND(M21+P21,1) -> 0
A22: 12 | J22: 12
B23: =[9]可燃!$B$43 -> 0 | C23: =[9]可燃!$C$43 -> 0 | D23: =SUM(B23:C23) -> 0 | E23: =[9]可燃!$D$43 -> 0 | F23: =[9]可燃!$E$43 -> 0 | G23: =SUM(E23:F23) -> 0 | H23: =ROUND(D23+G23,1) -> 0 | K23: =[9]可燃!$M$43 -> 0 | L23: =[9]可燃!$N$43 -> 0 | M23: =SUM(K23:L23) -> 0 | N23: =[9]可燃!$O$43 -> 0 | O23: =[9]可燃!$P$43 -> 0 | P23: =SUM(N23:O23) -> 0 | Q23: =ROUND(M23+P23,1) -> 0
A24: 1 | J24: 1
B25: =[10]可燃!$B$43 -> 0 | C25: =[10]可燃!$C$43 -> 0 | D25: =SUM(B25:C25) -> 0 | E25: =[10]可燃!$D$43 -> 0 | F25: =[10]可燃!$E$43 -> 0 | G25: =SUM(E25:F25) -> 0 | H25: =ROUND(D25+G25,1) -> 0 | K25: =[10]可燃!$M$43 -> 0 | L25: =[10]可燃!$N$43 -> 0 | M25: =SUM(K25:L25) -> 0 | N25: =[10]可燃!$O$43 -> 0 | O25: =[10]可燃!$P$43 -> 0 | P25: =SUM(N25:O25) -> 0 | Q25: =ROUND(M25+P25,1) -> 0
A26: 2 | J26: 2
B27: =[11]可燃!$B$43 -> 0 | C27: =[11]可燃!$C$43 -> 0 | D27: =SUM(B27:C27) -> 0 | E27: =[11]可燃!$D$43 -> 0 | F27: =[11]可燃!$E$43 -> 0 | G27: =SUM(E27:F27) -> 0 | H27: =ROUND(D27+G27,1) -> 0 | K27: =[11]可燃!$M$43 -> 0 | L27: =[11]可燃!$N$43 -> 0 | M27: =SUM(K27:L27) -> 0 | N27: =[11]可燃!$O$43 -> 0 | O27: =[11]可燃!$P$43 -> 0 | P27: =SUM(N27:O27) -> 0 | Q27: =ROUND(M27+P27,1) -> 0
A28: 3 | J28: 3
B29: =[12]可燃!$B$43 -> 0 | C29: =[12]可燃!$C$43 -> 0 | D29: =SUM(B29:C29) -> 0 | E29: =[12]可燃!$D$43 -> 0 | F29: =[12]可燃!$E$43 -> 0 | G29: =SUM(E29:F29) -> 0 | H29: =ROUND(D29+G29,1) -> 0 | K29: =[12]可燃!$M$43 -> 0 | L29: =[12]可燃!$N$43 -> 0 | M29: =SUM(K29:L29) -> 0 | N29: =[12]可燃!$O$43 -> 0 | O29: =[12]可燃!$P$43 -> 0 | P29: =SUM(N29:O29) -> 0 | Q29: =ROUND(M29+P29,1) -> 0
A31: 合計 | J31: 合計
B32: =SUM(B7+B9+B11+B13+B15+B17+B19+B21+B23+B25+B27+B29) -> 0 | C32: =SUM(C7+C9+C11+C13+C15+C17+C19+C21+C23+C25+C27+C29) -> 0 | D32: =SUM(D7+D9+D11+D13+D15+D17+D19+D21+D23+D25+D27+D29) -> 0 | E32: =SUM(E7+E9+E11+E13+E15+E17+E19+E21+E23+E25+E27+E29) -> 0 | F32: =SUM(F7+F9+F11+F13+F15+F17+F19+F21+F23+F25+F27+F29) -> 0 | G32: =SUM(G7+G9+G11+G13+G15+G17+G19+G21+G23+G25+G27+G29) -> 0 | H32: =SUM(H6:H29) -> 0 | K32: =SUM(K7+K9+K11+K13+K15+K17+K19+K21+K23+K25+K27+K29) -> 0 | L32: =SUM(L7+L9+L11+L13+L15+L17+L19+L21+L23+L25+L27+L29) -> 0 | M32: =SUM(M7+M9+M11+M13+M15+M17+M19+M21+M23+M25+M27+M29) -> 0 | N32: =SUM(N7+N9+N11+N13+N15+N17+N19+N21+N23+N25+N27+N29) -> 0 | O32: =SUM(O7+O9+O11+O13+O15+O17+O19+O21+O23+O25+O27+O29) -> 0 | P32: =SUM(P7+P9+P11+P13+P15+P17+P19+P21+P23+P25+P27+P29) -> 0 | Q32: =SUM(Q6:Q29) -> 0

Sheet 2-2
A1: ="令和"&'[1]A-1'!$E$9-2018&"年度 一般産業廃棄物(焼却)処理地区別集計表 【第2－2表】" -> 令和9年度 一般産業廃棄物(焼却)処理地区別集計表 【第2－2表】
B3: 【水産系産廃】 | K3: 【医療系産廃】 | Q3: 単位：トン
A5: 月別 | B5: 鬼 脇 | C5: 鴛 泊 | D5: 利尻富士計 | E5: 仙法志 | F5: 沓 形 | G5: 利尻計 | H5: 合 計 | J5: 月別 | K5: 鬼 脇 | L5: 鴛 泊 | M5: 利尻富士計 | N5: 仙法志 | O5: 沓 形 | P5: 利尻計 | Q5: 合 計
A6: 4 | J6: 4
B7: =[1]産廃水産・医療・汚泥!$B$43 -> 0 | C7: =[1]産廃水産・医療・汚泥!$C$43 -> 0 | D7: =SUM(B7:C7) -> 0 | E7: =[1]産廃水産・医療・汚泥!$D$43 -> 0 | F7: =[1]産廃水産・医療・汚泥!$E$43 -> 0 | G7: =SUM(E7:F7) -> 0 | H7: =ROUND(D7+G7,1) -> 0 | K7: =[1]産廃水産・医療・汚泥!$Q$43 -> 0 | L7: =[1]産廃水産・医療・汚泥!$R$43 -> 0 | M7: =SUM(K7:L7) -> 0 | N7: =[1]産廃水産・医療・汚泥!$S$43 -> 0 | O7: =[1]産廃水産・医療・汚泥!$T$43 -> 0 | P7: =SUM(N7:O7) -> 0 | Q7: =ROUND(M7+P7,1) -> 0
A8: 5 | J8: 5
B9: =[2]産廃水産・医療・汚泥!$B$43 -> 0 | C9: =[2]産廃水産・医療・汚泥!$C$43 -> 0 | D9: =SUM(B9:C9) -> 0 | E9: =[2]産廃水産・医療・汚泥!$D$43 -> 0 | F9: =[2]産廃水産・医療・汚泥!$E$43 -> 0 | G9: =SUM(E9:F9) -> 0 | H9: =ROUND(D9+G9,1) -> 0 | K9: =[2]産廃水産・医療・汚泥!$Q$43 -> 0 | L9: =[2]産廃水産・医療・汚泥!$R$43 -> 0 | M9: =SUM(K9:L9) -> 0 | N9: =[2]産廃水産・医療・汚泥!$S$43 -> 0 | O9: =[2]産廃水産・医療・汚泥!$T$43 -> 0 | P9: =SUM(N9:O9) -> 0 | Q9: =ROUND(M9+P9,1) -> 0
A10: 6 | J10: 6
B11: =[3]産廃水産・医療・汚泥!$B$43 -> 0 | C11: =[3]産廃水産・医療・汚泥!$C$43 -> 0 | D11: =SUM(B11:C11) -> 0 | E11: =[3]産廃水産・医療・汚泥!$D$43 -> 0 | F11: =[3]産廃水産・医療・汚泥!$E$43 -> 0 | G11: =SUM(E11:F11) -> 0 | H11: =ROUND(D11+G11,1) -> 0 | K11: =[3]産廃水産・医療・汚泥!$Q$43 -> 0 | L11: =[3]産廃水産・医療・汚泥!$R$43 -> 0 | M11: =SUM(K11:L11) -> 0 | N11: =[3]産廃水産・医療・汚泥!$S$43 -> 0 | O11: =[3]産廃水産・医療・汚泥!$T$43 -> 0 | P11: =SUM(N11:O11) -> 0 | Q11: =ROUND(M11+P11,1) -> 0
A12: 7 | J12: 7
B13: =[4]産廃水産・医療・汚泥!$B$43 -> 0 | C13: =[4]産廃水産・医療・汚泥!$C$43 -> 0 | D13: =SUM(B13:C13) -> 0 | E13: =[4]産廃水産・医療・汚泥!$D$43 -> 0 | F13: =[4]産廃水産・医療・汚泥!$E$43 -> 0 | G13: =SUM(E13:F13) -> 0 | H13: =ROUND(D13+G13,1) -> 0 | K13: =[4]産廃水産・医療・汚泥!$Q$43 -> 0 | L13: =[4]産廃水産・医療・汚泥!$R$43 -> 0 | M13: =SUM(K13:L13) -> 0 | N13: =[4]産廃水産・医療・汚泥!$S$43 -> 0 | O13: =[4]産廃水産・医療・汚泥!$T$43 -> 0 | P13: =SUM(N13:O13) -> 0 | Q13: =ROUND(M13+P13,1) -> 0
A14: 8 | J14: 8
B15: =[5]産廃水産・医療・汚泥!$B$43 -> 0 | C15: =[5]産廃水産・医療・汚泥!$C$43 -> 0 | D15: =SUM(B15:C15) -> 0 | E15: =[5]産廃水産・医療・汚泥!$D$43 -> 0 | F15: =[5]産廃水産・医療・汚泥!$E$43 -> 0 | G15: =SUM(E15:F15) -> 0 | H15: =ROUND(D15+G15,1) -> 0 | K15: =[5]産廃水産・医療・汚泥!$Q$43 -> 0 | L15: =[5]産廃水産・医療・汚泥!$R$43 -> 0 | M15: =SUM(K15:L15) -> 0 | N15: =[5]産廃水産・医療・汚泥!$S$43 -> 0 | O15: =[5]産廃水産・医療・汚泥!$T$43 -> 0 | P15: =SUM(N15:O15) -> 0 | Q15: =ROUND(M15+P15,1) -> 0
A16: 9 | J16: 9
B17: =[6]産廃水産・医療・汚泥!$B$43 -> 0 | C17: =[6]産廃水産・医療・汚泥!$C$43 -> 0 | D17: =SUM(B17:C17) -> 0 | E17: =[6]産廃水産・医療・汚泥!$D$43 -> 0 | F17: =[6]産廃水産・医療・汚泥!$E$43 -> 0 | G17: =SUM(E17:F17) -> 0 | H17: =ROUND(D17+G17,1) -> 0 | K17: =[6]産廃水産・医療・汚泥!$Q$43 -> 0 | L17: =[6]産廃水産・医療・汚泥!$R$43 -> 0 | M17: =SUM(K17:L17) -> 0 | N17: =[6]産廃水産・医療・汚泥!$S$43 -> 0 | O17: =[6]産廃水産・医療・汚泥!$T$43 -> 0 | P17: =SUM(N17:O17) -> 0 | Q17: =ROUND(M17+P17,1) -> 0
A18: 10 | J18: 10
B19: =[7]産廃水産・医療・汚泥!$B$43 -> 0 | C19: =[7]産廃水産・医療・汚泥!$C$43 -> 0 | D19: =SUM(B19:C19) -> 0 | E19: =[7]産廃水産・医療・汚泥!$D$43 -> 0 | F19: =[7]産廃水産・医療・汚泥!$E$43 -> 0 | G19: =SUM(E19:F19) -> 0 | H19: =ROUND(D19+G19,1) -> 0 | K19: =[7]産廃水産・医療・汚泥!$Q$43 -> 0 | L19: =[7]産廃水産・医療・汚泥!$R$43 -> 0 | M19: =SUM(K19:L19) -> 0 | N19: =[7]産廃水産・医療・汚泥!$S$43 -> 0 | O19: =[7]産廃水産・医療・汚泥!$T$43 -> 0 | P19: =SUM(N19:O19) -> 0 | Q19: =ROUND(M19+P19,1) -> 0
A20: 11 | J20: 11
B21: =[8]産廃水産・医療・汚泥!$B$43 -> 0 | C21: =[8]産廃水産・医療・汚泥!$C$43 -> 0 | D21: =SUM(B21:C21) -> 0 | E21: =[8]産廃水産・医療・汚泥!$D$43 -> 0 | F21: =[8]産廃水産・医療・汚泥!$E$43 -> 0 | G21: =SUM(E21:F21) -> 0 | H21: =ROUND(D21+G21,1) -> 0 | K21: =[8]産廃水産・医療・汚泥!$Q$43 -> 0 | L21: =[8]産廃水産・医療・汚泥!$R$43 -> 0 | M21: =SUM(K21:L21) -> 0 | N21: =[8]産廃水産・医療・汚泥!$S$43 -> 0 | O21: =[8]産廃水産・医療・汚泥!$T$43 -> 0 | P21: =SUM(N21:O21) -> 0 | Q21: =ROUND(M21+P21,1) -> 0
A22: 12 | J22: 12
B23: =[9]産廃水産・医療・汚泥!$B$43 -> 0 | C23: =[9]産廃水産・医療・汚泥!$C$43 -> 0 | D23: =SUM(B23:C23) -> 0 | E23: =[9]産廃水産・医療・汚泥!$D$43 -> 0 | F23: =[9]産廃水産・医療・汚泥!$E$43 -> 0 | G23: =SUM(E23:F23) -> 0 | H23: =ROUND(D23+G23,1) -> 0 | K23: =[9]産廃水産・医療・汚泥!$Q$43 -> 0 | L23: =[9]産廃水産・医療・汚泥!$R$43 -> 0 | M23: =SUM(K23:L23) -> 0 | N23: =[9]産廃水産・医療・汚泥!$S$43 -> 0 | O23: =[9]産廃水産・医療・汚泥!$T$43 -> 0 | P23: =SUM(N23:O23) -> 0 | Q23: =ROUND(M23+P23,1) -> 0
A24: 1 | J24: 1
B25: =[10]産廃水産・医療・汚泥!$B$43 -> 0 | C25: =[10]産廃水産・医療・汚泥!$C$43 -> 0 | D25: =SUM(B25:C25) -> 0 | E25: =[10]産廃水産・医療・汚泥!$D$43 -> 0 | F25: =[10]産廃水産・医療・汚泥!$E$43 -> 0 | G25: =SUM(E25:F25) -> 0 | H25: =ROUND(D25+G25,1) -> 0 | K25: =[10]産廃水産・医療・汚泥!$Q$43 -> 0 | L25: =[10]産廃水産・医療・汚泥!$R$43 -> 0 | M25: =SUM(K25:L25) -> 0 | N25: =[10]産廃水産・医療・汚泥!$S$43 -> 0 | O25: =[10]産廃水産・医療・汚泥!$T$43 -> 0 | P25: =SUM(N25:O25) -> 0 | Q25: =ROUND(M25+P25,1) -> 0
A26: 2 | J26: 2
B27: =[11]産廃水産・医療・汚泥!$B$43 -> 0 | C27: =[11]産廃水産・医療・汚泥!$C$43 -> 0 | D27: =SUM(B27:C27) -> 0 | E27: =[11]産廃水産・医療・汚泥!$D$43 -> 0 | F27: =[11]産廃水産・医療・汚泥!$E$43 -> 0 | G27: =SUM(E27:F27) -> 0 | H27: =ROUND(D27+G27,1) -> 0 | K27: =[11]産廃水産・医療・汚泥!$Q$43 -> 0 | L27: =[11]産廃水産・医療・汚泥!$R$43 -> 0 | M27: =SUM(K27:L27) -> 0 | N27: =[11]産廃水産・医療・汚泥!$S$43 -> 0 | O27: =[11]産廃水産・医療・汚泥!$T$43 -> 0 | P27: =SUM(N27:O27) -> 0 | Q27: =ROUND(M27+P27,1) -> 0
A28: 3 | J28: 3
B29: =[12]産廃水産・医療・汚泥!$B$43 -> 0 | C29: =[12]産廃水産・医療・汚泥!$C$43 -> 0 | D29: =SUM(B29:C29) -> 0 | E29: =[12]産廃水産・医療・汚泥!$D$43 -> 0 | F29: =[12]産廃水産・医療・汚泥!$E$43 -> 0 | G29: =SUM(E29:F29) -> 0 | H29: =ROUND(D29+G29,1) -> 0 | K29: =[12]産廃水産・医療・汚泥!$Q$43 -> 0 | L29: =[12]産廃水産・医療・汚泥!$R$43 -> 0 | M29: =SUM(K29:L29) -> 0 | N29: =[12]産廃水産・医療・汚泥!$S$43 -> 0 | O29: =[12]産廃水産・医療・汚泥!$T$43 -> 0 | P29: =SUM(N29:O29) -> 0 | Q29: =ROUND(M29+P29,1) -> 0
A31: 合計 | J31: 合計
B32: =SUM(B7+B9+B11+B13+B15+B17+B19+B21+B23+B25+B27+B29) -> 0 | C32: =SUM(C7+C9+C11+C13+C15+C17+C19+C21+C23+C25+C27+C29) -> 0 | D32: =SUM(D7+D9+D11+D13+D15+D17+D19+D21+D23+D25+D27+D29) -> 0 | E32: =SUM(E7+E9+E11+E13+E15+E17+E19+E21+E23+E25+E27+E29) -> 0 | F32: =SUM(F7+F9+F11+F13+F15+F17+F19+F21+F23+F25+F27+F29) -> 0 | G32: =SUM(G7+G9+G11+G13+G15+G17+G19+G21+G23+G25+G27+G29) -> 0 | H32: =SUM(H6:H29) -> 0 | K32: =SUM(K7+K9+K11+K13+K15+K17+K19+K21+K23+K25+K27+K29) -> 0 | L32: =SUM(L7+L9+L11+L13+L15+L17+L19+L21+L23+L25+L27+L29) -> 0 | M32: =SUM(M7+M9+M11+M13+M15+M17+M19+M21+M23+M25+M27+M29) -> 0 | N32: =SUM(N7+N9+N11+N13+N15+N17+N19+N21+N23+N25+N27+N29) -> 0 | O32: =SUM(O7+O9+O11+O13+O15+O17+O19+O21+O23+O25+O27+O29) -> 0 | P32: =SUM(P7+P9+P11+P13+P15+P17+P19+P21+P23+P25+P27+P29) -> 0 | Q32: =SUM(Q6:Q29) -> 0

Sheet 2-3
A1: ="令和"&'[1]A-1'!$E$9-2018&"年度 一般産業廃棄物(焼却)処理地区別集計表 【第2－3表】" -> 令和9年度 一般産業廃棄物(焼却)処理地区別集計表 【第2－3表】
B3: 【収集紙類】 | K3: 【直搬紙類】 | Q3: 単位：トン
A5: 月別 | B5: 鬼 脇 | C5: 鴛 泊 | D5: 利尻富士計 | E5: 仙法志 | F5: 沓 形 | G5: 利尻計 | H5: 合 計 | J5: 月別 | K5: 鬼 脇 | L5: 鴛 泊 | M5: 利尻富士計 | N5: 仙法志 | O5: 沓 形 | P5: 利尻計 | Q5: 合 計
A6: 4 | J6: 4
B7: =[1]紙類!$G$43 -> 0 | C7: =[1]紙類!$H$43 -> 0 | D7: =SUM(B7:C7) -> 0 | E7: =[1]紙類!$I$43 -> 0 | F7: =[1]紙類!$J$43 -> 0 | G7: =SUM(E7:F7) -> 0 | H7: =ROUND(D7+G7,1) -> 0 | K7: =[1]紙類!$R$43 -> 0 | L7: =[1]紙類!$S$43 -> 0 | M7: =SUM(K7:L7) -> 0 | N7: =[1]紙類!$T$43 -> 0 | O7: =[1]紙類!$U$43 -> 0 | P7: =SUM(N7:O7) -> 0 | Q7: =ROUND(M7+P7,1) -> 0
A8: 5 | J8: 5
B9: =[2]紙類!$G$43 -> 0 | C9: =[2]紙類!$H$43 -> 0 | D9: =SUM(B9:C9) -> 0 | E9: =[2]紙類!$I$43 -> 0 | F9: =[2]紙類!$J$43 -> 0 | G9: =SUM(E9:F9) -> 0 | H9: =ROUND(D9+G9,1) -> 0 | K9: =[2]紙類!$R$43 -> 0 | L9: =[2]紙類!$S$43 -> 0 | M9: =SUM(K9:L9) -> 0 | N9: =[2]紙類!$T$43 -> 0 | O9: =[2]紙類!$U$43 -> 0 | P9: =SUM(N9:O9) -> 0 | Q9: =ROUND(M9+P9,1) -> 0
A10: 6 | J10: 6
B11: =[3]紙類!$G$43 -> 0 | C11: =[3]紙類!$H$43 -> 0 | D11: =SUM(B11:C11) -> 0 | E11: =[3]紙類!$I$43 -> 0 | F11: =[3]紙類!$J$43 -> 0 | G11: =SUM(E11:F11) -> 0 | H11: =ROUND(D11+G11,1) -> 0 | K11: =[3]紙類!$R$43 -> 0 | L11: =[3]紙類!$S$43 -> 0 | M11: =SUM(K11:L11) -> 0 | N11: =[3]紙類!$T$43 -> 0 | O11: =[3]紙類!$U$43 -> 0 | P11: =SUM(N11:O11) -> 0 | Q11: =ROUND(M11+P11,1) -> 0
A12: 7 | J12: 7
B13: =[4]紙類!$G$43 -> 0 | C13: =[4]紙類!$H$43 -> 0 | D13: =SUM(B13:C13) -> 0 | E13: =[4]紙類!$I$43 -> 0 | F13: =[4]紙類!$J$43 -> 0 | G13: =SUM(E13:F13) -> 0 | H13: =ROUND(D13+G13,1) -> 0 | K13: =[4]紙類!$R$43 -> 0 | L13: =[4]紙類!$S$43 -> 0 | M13: =SUM(K13:L13) -> 0 | N13: =[4]紙類!$T$43 -> 0 | O13: =[4]紙類!$U$43 -> 0 | P13: =SUM(N13:O13) -> 0 | Q13: =ROUND(M13+P13,1) -> 0
A14: 8 | J14: 8
B15: =[5]紙類!$G$43 -> 0 | C15: =[5]紙類!$H$43 -> 0 | D15: =SUM(B15:C15) -> 0 | E15: =[5]紙類!$I$43 -> 0 | F15: =[5]紙類!$J$43 -> 0 | G15: =SUM(E15:F15) -> 0 | H15: =ROUND(D15+G15,1) -> 0 | K15: =[5]紙類!$R$43 -> 0 | L15: =[5]紙類!$S$43 -> 0 | M15: =SUM(K15:L15) -> 0 | N15: =[5]紙類!$T$43 -> 0 | O15: =[5]紙類!$U$43 -> 0 | P15: =SUM(N15:O15) -> 0 | Q15: =ROUND(M15+P15,1) -> 0
A16: 9 | J16: 9
B17: =[6]紙類!$G$43 -> 0 | C17: =[6]紙類!$H$43 -> 0 | D17: =SUM(B17:C17) -> 0 | E17: =[6]紙類!$I$43 -> 0 | F17: =[6]紙類!$J$43 -> 0 | G17: =SUM(E17:F17) -> 0 | H17: =ROUND(D17+G17,1) -> 0 | K17: =[6]紙類!$R$43 -> 0 | L17: =[6]紙類!$S$43 -> 0 | M17: =SUM(K17:L17) -> 0 | N17: =[6]紙類!$T$43 -> 0 | O17: =[6]紙類!$U$43 -> 0 | P17: =SUM(N17:O17) -> 0 | Q17: =ROUND(M17+P17,1) -> 0
A18: 10 | J18: 10
B19: =[7]紙類!$G$43 -> 0 | C19: =[7]紙類!$H$43 -> 0 | D19: =SUM(B19:C19) -> 0 | E19: =[7]紙類!$I$43 -> 0 | F19: =[7]紙類!$J$43 -> 0 | G19: =SUM(E19:F19) -> 0 | H19: =ROUND(D19+G19,1) -> 0 | K19: =[7]紙類!$R$43 -> 0 | L19: =[7]紙類!$S$43 -> 0 | M19: =SUM(K19:L19) -> 0 | N19: =[7]紙類!$T$43 -> 0 | O19: =[7]紙類!$U$43 -> 0 | P19: =SUM(N19:O19) -> 0 | Q19: =ROUND(M19+P19,1) -> 0
A20: 11 | J20: 11
B21: =[8]紙類!$G$43 -> 0 | C21: =[8]紙類!$H$43 -> 0 | D21: =SUM(B21:C21) -> 0 | E21: =[8]紙類!$I$43 -> 0 | F21: =[8]紙類!$J$43 -> 0 | G21: =SUM(E21:F21) -> 0 | H21: =ROUND(D21+G21,1) -> 0 | K21: =[8]紙類!$R$43 -> 0 | L21: =[8]紙類!$S$43 -> 0 | M21: =SUM(K21:L21) -> 0 | N21: =[8]紙類!$T$43 -> 0 | O21: =[8]紙類!$U$43 -> 0 | P21: =SUM(N21:O21) -> 0 | Q21: =ROUND(M21+P21,1) -> 0
A22: 12 | J22: 12
B23: =[9]紙類!$G$43 -> 0 | C23: =[9]紙類!$H$43 -> 0 | D23: =SUM(B23:C23) -> 0 | E23: =[9]紙類!$I$43 -> 0 | F23: =[9]紙類!$J$43 -> 0 | G23: =SUM(E23:F23) -> 0 | H23: =ROUND(D23+G23,1) -> 0 | K23: =[9]紙類!$R$43 -> 0 | L23: =[9]紙類!$S$43 -> 0 | M23: =SUM(K23:L23) -> 0 | N23: =[9]紙類!$T$43 -> 0 | O23: =[9]紙類!$U$43 -> 0 | P23: =SUM(N23:O23) -> 0 | Q23: =ROUND(M23+P23,1) -> 0
A24: 1 | J24: 1
B25: =[10]紙類!$G$43 -> 0 | C25: =[10]紙類!$H$43 -> 0 | D25: =SUM(B25:C25) -> 0 | E25: =[10]紙類!$I$43 -> 0 | F25: =[10]紙類!$J$43 -> 0 | G25: =SUM(E25:F25) -> 0 | H25: =ROUND(D25+G25,1) -> 0 | K25: =[10]紙類!$R$43 -> 0 | L25: =[10]紙類!$S$43 -> 0 | M25: =SUM(K25:L25) -> 0 | N25: =[10]紙類!$T$43 -> 0 | O25: =[10]紙類!$U$43 -> 0 | P25: =SUM(N25:O25) -> 0 | Q25: =ROUND(M25+P25,1) -> 0
A26: 2 | J26: 2
B27: =[11]紙類!$G$43 -> 0 | C27: =[11]紙類!$H$43 -> 0 | D27: =SUM(B27:C27) -> 0 | E27: =[11]紙類!$I$43 -> 0 | F27: =[11]紙類!$J$43 -> 0 | G27: =SUM(E27:F27) -> 0 | H27: =ROUND(D27+G27,1) -> 0 | K27: =[11]紙類!$R$43 -> 0 | L27: =[11]紙類!$S$43 -> 0 | M27: =SUM(K27:L27) -> 0 | N27: =[11]紙類!$T$43 -> 0 | O27: =[11]紙類!$U$43 -> 0 | P27: =SUM(N27:O27) -> 0 | Q27: =ROUND(M27+P27,1) -> 0
A28: 3 | J28: 3
B29: =[12]紙類!$G$43 -> 0 | C29: =[12]紙類!$H$43 -> 0 | D29: =SUM(B29:C29) -> 0 | E29: =[12]紙類!$I$43 -> 0 | F29: =[12]紙類!$J$43 -> 0 | G29: =SUM(E29:F29) -> 0 | H29: =ROUND(D29+G29,1) -> 0 | K29: =[12]紙類!$R$43 -> 0 | L29: =[12]紙類!$S$43 -> 0 | M29: =SUM(K29:L29) -> 0 | N29: =[12]紙類!$T$43 -> 0 | O29: =[12]紙類!$U$43 -> 0 | P29: =SUM(N29:O29) -> 0 | Q29: =ROUND(M29+P29,1) -> 0
A31: 合計 | J31: 合計
B32: =SUM(B7+B9+B11+B13+B15+B17+B19+B21+B23+B25+B27+B29) -> 0 | C32: =SUM(C7+C9+C11+C13+C15+C17+C19+C21+C23+C25+C27+C29) -> 0 | D32: =SUM(D7+D9+D11+D13+D15+D17+D19+D21+D23+D25+D27+D29) -> 0 | E32: =SUM(E7+E9+E11+E13+E15+E17+E19+E21+E23+E25+E27+E29) -> 0 | F32: =SUM(F7+F9+F11+F13+F15+F17+F19+F21+F23+F25+F27+F29) -> 0 | G32: =SUM(G7+G9+G11+G13+G15+G17+G19+G21+G23+G25+G27+G29) -> 0 | H32: =SUM(H6:H29) -> 0 | K32: =SUM(K7+K9+K11+K13+K15+K17+K19+K21+K23+K25+K27+K29) -> 0 | L32: =SUM(L7+L9+L11+L13+L15+L17+L19+L21+L23+L25+L27+L29) -> 0 | M32: =SUM(M7+M9+M11+M13+M15+M17+M19+M21+M23+M25+M27+M29) -> 0 | N32: =SUM(N7+N9+N11+N13+N15+N17+N19+N21+N23+N25+N27+N29) -> 0 | O32: =SUM(O7+O9+O11+O13+O15+O17+O19+O21+O23+O25+O27+O29) -> 0 | P32: =SUM(P7+P9+P11+P13+P15+P17+P19+P21+P23+P25+P27+P29) -> 0 | Q32: =SUM(Q6:Q29) -> 0

Sheet 3-1
A1: ="令和"&'[1]A-1'!$E$9-2018&"年度 一般廃棄物破砕処理地区別集計表 【第3－1表】" -> 令和9年度 一般廃棄物破砕処理地区別集計表 【第3－1表】
B3: 【収集不燃ごみ】 | K3: 【直搬不燃ごみ】 | Q3: 単位：トン
A5: 月別 | B5: 鬼 脇 | C5: 鴛 泊 | D5: 利尻富士計 | E5: 仙法志 | F5: 沓 形 | G5: 利尻計 | H5: 合 計 | J5: 月別 | K5: 鬼 脇 | L5: 鴛 泊 | M5: 利尻富士計 | N5: 仙法志 | O5: 沓 形 | P5: 利尻計 | Q5: 合 計
A6: 4 | J6: 4
B7: 0 | C7: 0 | D7: =SUM(B7:C7) -> 0 | E7: 0 | F7: 0 | G7: =SUM(E7:F7) -> 0 | H7: =ROUND(SUM(D7+G7),1) -> 0 | K7: 0 | L7: 0 | M7: =SUM(K7:L7) -> 0 | N7: 0 | O7: 0 | P7: =SUM(N7:O7) -> 0 | Q7: =ROUND(SUM(M7+P7),1) -> 0
A8: 5 | J8: 5
B9: 0 | C9: 0 | D9: =SUM(B9:C9) -> 0 | E9: 0 | F9: 0 | G9: =SUM(E9:F9) -> 0 | H9: =ROUND(SUM(D9+G9),1) -> 0 | K9: 0 | L9: 0 | M9: =SUM(K9:L9) -> 0 | N9: 0 | O9: 0 | P9: =SUM(N9:O9) -> 0 | Q9: =ROUND(SUM(M9+P9),1) -> 0
A10: 6 | J10: 6
B11: 0 | C11: 0 | D11: =SUM(B11:C11) -> 0 | E11: 0 | F11: 0 | G11: =SUM(E11:F11) -> 0 | H11: =ROUND(SUM(D11+G11),1) -> 0 | K11: 0 | L11: 0 | M11: =SUM(K11:L11) -> 0 | N11: 0 | O11: 0 | P11: =SUM(N11:O11) -> 0 | Q11: =ROUND(SUM(M11+P11),1) -> 0
A12: 7 | J12: 7
B13: 0 | C13: 0 | D13: =SUM(B13:C13) -> 0 | E13: 0 | F13: 0 | G13: =SUM(E13:F13) -> 0 | H13: =ROUND(SUM(D13+G13),1) -> 0 | K13: 0 | L13: 0 | M13: =SUM(K13:L13) -> 0 | N13: 0 | O13: 0 | P13: =SUM(N13:O13) -> 0 | Q13: =ROUND(SUM(M13+P13),1) -> 0
A14: 8 | J14: 8
B15: 0 | C15: 0 | D15: =SUM(B15:C15) -> 0 | E15: 0 | F15: 0 | G15: =SUM(E15:F15) -> 0 | H15: =ROUND(SUM(D15+G15),1) -> 0 | K15: 0 | L15: 0 | M15: =SUM(K15:L15) -> 0 | N15: 0 | O15: 0 | P15: =SUM(N15:O15) -> 0 | Q15: =ROUND(SUM(M15+P15),1) -> 0
A16: 9 | J16: 9
B17: 0 | C17: 0 | D17: =SUM(B17:C17) -> 0 | E17: 0 | F17: 0 | G17: =SUM(E17:F17) -> 0 | H17: =ROUND(SUM(D17+G17),1) -> 0 | K17: 0 | L17: 0 | M17: =SUM(K17:L17) -> 0 | N17: 0 | O17: 0 | P17: =SUM(N17:O17) -> 0 | Q17: =ROUND(SUM(M17+P17),1) -> 0
A18: 10 | J18: 10
B19: 0 | C19: 0 | D19: =SUM(B19:C19) -> 0 | E19: 0 | F19: 0 | G19: =SUM(E19:F19) -> 0 | H19: =ROUND(SUM(D19+G19),1) -> 0 | K19: 0 | L19: 0 | M19: =SUM(K19:L19) -> 0 | N19: 0 | O19: 0 | P19: =SUM(N19:O19) -> 0 | Q19: =ROUND(SUM(M19+P19),1) -> 0
A20: 11 | J20: 11
B21: 0 | C21: 0 | D21: =SUM(B21:C21) -> 0 | E21: 0 | F21: 0 | G21: =SUM(E21:F21) -> 0 | H21: =ROUND(SUM(D21+G21),1) -> 0 | K21: 0 | L21: 0 | M21: =SUM(K21:L21) -> 0 | N21: 0 | O21: 0 | P21: =SUM(N21:O21) -> 0 | Q21: =ROUND(SUM(M21+P21),1) -> 0
A22: 12 | J22: 12
B23: 0 | C23: 0 | D23: =SUM(B23:C23) -> 0 | E23: 0 | F23: 0 | G23: =SUM(E23:F23) -> 0 | H23: =ROUND(SUM(D23+G23),1) -> 0 | K23: 0 | L23: 0 | M23: =SUM(K23:L23) -> 0 | N23: 0 | O23: 0 | P23: =SUM(N23:O23) -> 0 | Q23: =ROUND(SUM(M23+P23),1) -> 0
A24: 1 | J24: 1
B25: 0 | C25: 0 | D25: =SUM(B25:C25) -> 0 | E25: 0 | F25: 0 | G25: =SUM(E25:F25) -> 0 | H25: =ROUND(SUM(D25+G25),1) -> 0 | K25: 0 | L25: 0 | M25: =SUM(K25:L25) -> 0 | N25: 0 | O25: 0 | P25: =SUM(N25:O25) -> 0 | Q25: =ROUND(SUM(M25+P25),1) -> 0
A26: 2 | J26: 2
B27: 0 | C27: 0 | D27: =SUM(B27:C27) -> 0 | E27: 0 | F27: 0 | G27: =SUM(E27:F27) -> 0 | H27: =ROUND(SUM(D27+G27),1) -> 0 | K27: 0 | L27: 0 | M27: =SUM(K27:L27) -> 0 | N27: 0 | O27: 0 | P27: =SUM(N27:O27) -> 0 | Q27: =ROUND(SUM(M27+P27),1) -> 0
A28: 3 | J28: 3
B29: 0 | C29: 0 | D29: =SUM(B29:C29) -> 0 | E29: 0 | F29: 0 | G29: =SUM(E29:F29) -> 0 | H29: =ROUND(SUM(D29+G29),1) -> 0 | K29: 0 | L29: 0 | M29: =SUM(K29:L29) -> 0 | N29: 0 | O29: 0 | P29: =SUM(N29:O29) -> 0 | Q29: =ROUND(SUM(M29+P29),1) -> 0
A31: 合計 | J31: 合計
B32: =SUM(B7+B9+B11+B13+B15+B17+B19+B21+B23+B25+B27+B29) -> 0 | C32: =SUM(C7+C9+C11+C13+C15+C17+C19+C21+C23+C25+C27+C29) -> 0 | D32: =SUM(D7+D9+D11+D13+D15+D17+D19+D21+D23+D25+D27+D29) -> 0 | E32: =SUM(E7+E9+E11+E13+E15+E17+E19+E21+E23+E25+E27+E29) -> 0 | F32: =SUM(F7+F9+F11+F13+F15+F17+F19+F21+F23+F25+F27+F29) -> 0 | G32: =SUM(G7+G9+G11+G13+G15+G17+G19+G21+G23+G25+G27+G29) -> 0 | H32: =SUM(D32+G32) -> 0 | K32: =SUM(K7+K9+K11+K13+K15+K17+K19+K21+K23+K25+K27+K29) -> 0 | L32: =SUM(L7+L9+L11+L13+L15+L17+L19+L21+L23+L25+L27+L29) -> 0 | M32: =SUM(M7+M9+M11+M13+M15+M17+M19+M21+M23+M25+M27+M29) -> 0 | N32: =SUM(N7+N9+N11+N13+N15+N17+N19+N21+N23+N25+N27+N29) -> 0 | O32: =SUM(O7+O9+O11+O13+O15+O17+O19+O21+O23+O25+O27+O29) -> 0 | P32: =SUM(P7+P9+P11+P13+P15+P17+P19+P21+P23+P25+P27+P29) -> 0 | Q32: =SUM(M32+P32) -> 0

Sheet 3-2
A1: ="令和"&'[1]A-1'!$E$9-2018&"年度 一般廃棄物破砕処理地区別集計表 【第3－2表】" -> 令和9年度 一般廃棄物破砕処理地区別集計表 【第3－2表】
B3: 【収集粗大ごみ】 | K3: 【直搬粗大ごみ】 | Q3: 単位：トン
A5: 月別 | B5: 鬼 脇 | C5: 鴛 泊 | D5: 利尻富士計 | E5: 仙法志 | F5: 沓 形 | G5: 利尻計 | H5: 合 計 | J5: 月別 | K5: 鬼 脇 | L5: 鴛 泊 | M5: 利尻富士計 | N5: 仙法志 | O5: 沓 形 | P5: 利尻計 | Q5: 合 計
A6: 4 | J6: 4
B7: 0 | C7: 0 | D7: =SUM(B7:C7) -> 0 | E7: 0 | F7: 0 | G7: =SUM(E7:F7) -> 0 | H7: =ROUND(SUM(D7+G7),1) -> 0 | K7: 0 | L7: 0 | M7: =SUM(K7:L7) -> 0 | N7: 0 | O7: 0 | P7: =SUM(N7:O7) -> 0 | Q7: =ROUND(SUM(M7+P7),1) -> 0
A8: 5 | J8: 5
B9: 0 | C9: 0 | D9: =SUM(B9:C9) -> 0 | E9: 0 | F9: 0 | G9: =SUM(E9:F9) -> 0 | H9: =ROUND(SUM(D9+G9),1) -> 0 | K9: 0 | L9: 0 | M9: =SUM(K9:L9) -> 0 | N9: 0 | O9: 0 | P9: =SUM(N9:O9) -> 0 | Q9: =ROUND(SUM(M9+P9),1) -> 0
A10: 6 | J10: 6
B11: 0 | C11: 0 | D11: =SUM(B11:C11) -> 0 | E11: 0 | F11: 0 | G11: =SUM(E11:F11) -> 0 | H11: =ROUND(SUM(D11+G11),1) -> 0 | K11: 0 | L11: 0 | M11: =SUM(K11:L11) -> 0 | N11: 0 | O11: 0 | P11: =SUM(N11:O11) -> 0 | Q11: =ROUND(SUM(M11+P11),1) -> 0
A12: 7 | J12: 7
B13: 0 | C13: 0 | D13: =SUM(B13:C13) -> 0 | E13: 0 | F13: 0 | G13: =SUM(E13:F13) -> 0 | H13: =ROUND(SUM(D13+G13),1) -> 0 | K13: 0 | L13: 0 | M13: =SUM(K13:L13) -> 0 | N13: 0 | O13: 0 | P13: =SUM(N13:O13) -> 0 | Q13: =ROUND(SUM(M13+P13),1) -> 0
A14: 8 | J14: 8
B15: 0 | C15: 0 | D15: =SUM(B15:C15) -> 0 | E15: 0 | F15: 0 | G15: =SUM(E15:F15) -> 0 | H15: =ROUND(SUM(D15+G15),1) -> 0 | K15: 0 | L15: 0 | M15: =SUM(K15:L15) -> 0 | N15: 0 | O15: 0 | P15: =SUM(N15:O15) -> 0 | Q15: =ROUND(SUM(M15+P15),1) -> 0
A16: 9 | J16: 9
B17: 0 | C17: 0 | D17: =SUM(B17:C17) -> 0 | E17: 0 | F17: 0 | G17: =SUM(E17:F17) -> 0 | H17: =ROUND(SUM(D17+G17),1) -> 0 | K17: 0 | L17: 0 | M17: =SUM(K17:L17) -> 0 | N17: 0 | O17: 0 | P17: =SUM(N17:O17) -> 0 | Q17: =ROUND(SUM(M17+P17),1) -> 0
A18: 10 | J18: 10
B19: 0 | C19: 0 | D19: =SUM(B19:C19) -> 0 | E19: 0 | F19: 0 | G19: =SUM(E19:F19) -> 0 | H19: =ROUND(SUM(D19+G19),1) -> 0 | K19: 0 | L19: 0 | M19: =SUM(K19:L19) -> 0 | N19: 0 | O19: 0 | P19: =SUM(N19:O19) -> 0 | Q19: =ROUND(SUM(M19+P19),1) -> 0
A20: 11 | J20: 11
B21: 0 | C21: 0 | D21: =SUM(B21:C21) -> 0 | E21: 0 | F21: 0 | G21: =SUM(E21:F21) -> 0 | H21: =ROUND(SUM(D21+G21),1) -> 0 | K21: 0 | L21: 0 | M21: =SUM(K21:L21) -> 0 | N21: 0 | O21: 0 | P21: =SUM(N21:O21) -> 0 | Q21: =ROUND(SUM(M21+P21),1) -> 0
A22: 12 | J22: 12
B23: 0 | C23: 0 | D23: =SUM(B23:C23) -> 0 | E23: 0 | F23: 0 | G23: =SUM(E23:F23) -> 0 | H23: =ROUND(SUM(D23+G23),1) -> 0 | K23: 0 | L23: 0 | M23: =SUM(K23:L23) -> 0 | N23: 0 | O23: 0 | P23: =SUM(N23:O23) -> 0 | Q23: =ROUND(SUM(M23+P23),1) -> 0
A24: 1 | J24: 1
B25: 0 | C25: 0 | D25: =SUM(B25:C25) -> 0 | E25: 0 | F25: 0 | G25: =SUM(E25:F25) -> 0 | H25: =ROUND(SUM(D25+G25),1) -> 0 | K25: 0 | L25: 0 | M25: =SUM(K25:L25) -> 0 | N25: 0 | O25: 0 | P25: =SUM(N25:O25) -> 0 | Q25: =ROUND(SUM(M25+P25),1) -> 0
A26: 2 | J26: 2
B27: 0 | C27: 0 | D27: =SUM(B27:C27) -> 0 | E27: 0 | F27: 0 | G27: =SUM(E27:F27) -> 0 | H27: =ROUND(SUM(D27+G27),1) -> 0 | K27: 0 | L27: 0 | M27: =SUM(K27:L27) -> 0 | N27: 0 | O27: 0 | P27: =SUM(N27:O27) -> 0 | Q27: =ROUND(SUM(M27+P27),1) -> 0
A28: 3 | J28: 3
B29: 0 | C29: 0 | D29: =SUM(B29:C29) -> 0 | E29: 0 | F29: 0 | G29: =SUM(E29:F29) -> 0 | H29: =ROUND(SUM(D29+G29),1) -> 0 | K29: 0 | L29: 0 | M29: =SUM(K29:L29) -> 0 | N29: 0 | O29: 0 | P29: =SUM(N29:O29) -> 0 | Q29: =ROUND(SUM(M29+P29),1) -> 0
A31: 合計 | J31: 合計
B32: =SUM(B7+B9+B11+B13+B15+B17+B19+B21+B23+B25+B27+B29) -> 0 | C32: =SUM(C7+C9+C11+C13+C15+C17+C19+C21+C23+C25+C27+C29) -> 0 | D32: =SUM(D7+D9+D11+D13+D15+D17+D19+D21+D23+D25+D27+D29) -> 0 | E32: =SUM(E7+E9+E11+E13+E15+E17+E19+E21+E23+E25+E27+E29) -> 0 | F32: =SUM(F7+F9+F11+F13+F15+F17+F19+F21+F23+F25+F27+F29) -> 0 | G32: =SUM(G7+G9+G11+G13+G15+G17+G19+G21+G23+G25+G27+G29) -> 0 | H32: =SUM(D32+G32) -> 0 | K32: =SUM(K7+K9+K11+K13+K15+K17+K19+K21+K23+K25+K27+K29) -> 0 | L32: =SUM(L7+L9+L11+L13+L15+L17+L19+L21+L23+L25+L27+L29) -> 0 | M32: =SUM(M7+M9+M11+M13+M15+M17+M19+M21+M23+M25+M27+M29) -> 0 | N32: =SUM(N7+N9+N11+N13+N15+N17+N19+N21+N23+N25+N27+N29) -> 0 | O32: =SUM(O7+O9+O11+O13+O15+O17+O19+O21+O23+O25+O27+O29) -> 0 | P32: =SUM(P7+P9+P11+P13+P15+P17+P19+P21+P23+P25+P27+P29) -> 0 | Q32: =SUM(M32+P32) -> 0

Sheet 4-1
A1: ="令和"&'[1]A-1'!$E$9-2018&"年度 一般廃棄物最終処分（埋立）地区別集計表 【第4－1表】" -> 令和9年度 一般廃棄物最終処分（埋立）地区別集計表 【第4－1表】
B3: 【収集可燃ごみ】 | K3: 【直搬可燃ごみ】 | Q3: 単位：トン
A5: 月別 | B5: 鬼 脇 | C5: 鴛 泊 | D5: 利尻富士計 | E5: 仙法志 | F5: 沓 形 | G5: 利尻計 | H5: 合 計 | J5: 月別 | K5: 鬼 脇 | L5: 鴛 泊 | M5: 利尻富士計 | N5: 仙法志 | O5: 沓 形 | P5: 利尻計 | Q5: 合 計
A6: 4 | J6: 4
B7: =[1]可燃!$G$43 -> 0 | C7: =[1]可燃!$H$43 -> 0 | D7: =SUM(B7:C7) -> 0 | E7: =[1]可燃!$I$43 -> 0 | F7: =[1]可燃!$J$43 -> 0 | G7: =SUM(E7:F7) -> 0 | H7: =ROUND(D7+G7,1) -> 0 | K7: =[1]可燃!$R$43 -> 0 | L7: =[1]可燃!$S$43 -> 0 | M7: =SUM(K7:L7) -> 0 | N7: =[1]可燃!$T$43 -> 0 | O7: =[1]可燃!$U$43 -> 0 | P7: =SUM(N7:O7) -> 0 | Q7: =ROUND(M7+P7,1) -> 0
A8: 5 | J8: 5
B9: =[2]可燃!$G$43 -> 0 | C9: =[2]可燃!$H$43 -> 0 | D9: =SUM(B9:C9) -> 0 | E9: =[2]可燃!$I$43 -> 0 | F9: =[2]可燃!$J$43 -> 0 | G9: =SUM(E9:F9) -> 0 | H9: =ROUND(D9+G9,1) -> 0 | K9: =[2]可燃!$R$43 -> 0 | L9: =[2]可燃!$S$43 -> 0 | M9: =SUM(K9:L9) -> 0 | N9: =[2]可燃!$T$43 -> 0 | O9: =[2]可燃!$U$43 -> 0 | P9: =SUM(N9:O9) -> 0 | Q9: =ROUND(M9+P9,1) -> 0
A10: 6 | J10: 6
B11: =[3]可燃!$G$43 -> 0 | C11: =[3]可燃!$H$43 -> 0 | D11: =SUM(B11:C11) -> 0 | E11: =[3]可燃!$I$43 -> 0 | F11: =[3]可燃!$J$43 -> 0 | G11: =SUM(E11:F11) -> 0 | H11: =ROUND(D11+G11,1) -> 0 | K11: =[3]可燃!$R$43 -> 0 | L11: =[3]可燃!$S$43 -> 0 | M11: =SUM(K11:L11) -> 0 | N11: =[3]可燃!$T$43 -> 0 | O11: =[3]可燃!$U$43 -> 0 | P11: =SUM(N11:O11) -> 0 | Q11: =ROUND(M11+P11,1) -> 0
A12: 7 | J12: 7
B13: =[4]可燃!$G$43 -> 0 | C13: =[4]可燃!$H$43 -> 0 | D13: =SUM(B13:C13) -> 0 | E13: =[4]可燃!$I$43 -> 0 | F13: =[4]可燃!$J$43 -> 0 | G13: =SUM(E13:F13) -> 0 | H13: =ROUND(D13+G13,1) -> 0 | K13: =[4]可燃!$R$43 -> 0 | L13: =[4]可燃!$S$43 -> 0 | M13: =SUM(K13:L13) -> 0 | N13: =[4]可燃!$T$43 -> 0 | O13: =[4]可燃!$U$43 -> 0 | P13: =SUM(N13:O13) -> 0 | Q13: =ROUND(M13+P13,1) -> 0
A14: 8 | J14: 8
B15: =[5]可燃!$G$43 -> 0 | C15: =[5]可燃!$H$43 -> 0 | D15: =SUM(B15:C15) -> 0 | E15: =[5]可燃!$I$43 -> 0 | F15: =[5]可燃!$J$43 -> 0 | G15: =SUM(E15:F15) -> 0 | H15: =ROUND(D15+G15,1) -> 0 | K15: =[5]可燃!$R$43 -> 0 | L15: =[5]可燃!$S$43 -> 0 | M15: =SUM(K15:L15) -> 0 | N15: =[5]可燃!$T$43 -> 0 | O15: =[5]可燃!$U$43 -> 0 | P15: =SUM(N15:O15) -> 0 | Q15: =ROUND(M15+P15,1) -> 0
A16: 9 | J16: 9
B17: =[6]可燃!$G$43 -> 0 | C17: =[6]可燃!$H$43 -> 0 | D17: =SUM(B17:C17) -> 0 | E17: =[6]可燃!$I$43 -> 0 | F17: =[6]可燃!$J$43 -> 0 | G17: =SUM(E17:F17) -> 0 | H17: =ROUND(D17+G17,1) -> 0 | K17: =[6]可燃!$R$43 -> 0 | L17: =[6]可燃!$S$43 -> 0 | M17: =SUM(K17:L17) -> 0 | N17: =[6]可燃!$T$43 -> 0 | O17: =[6]可燃!$U$43 -> 0 | P17: =SUM(N17:O17) -> 0 | Q17: =ROUND(M17+P17,1) -> 0
A18: 10 | J18: 10
B19: =[7]可燃!$G$43 -> 0 | C19: =[7]可燃!$H$43 -> 0 | D19: =SUM(B19:C19) -> 0 | E19: =[7]可燃!$I$43 -> 0 | F19: =[7]可燃!$J$43 -> 0 | G19: =SUM(E19:F19) -> 0 | H19: =ROUND(D19+G19,1) -> 0 | K19: =[7]可燃!$R$43 -> 0 | L19: =[7]可燃!$S$43 -> 0 | M19: =SUM(K19:L19) -> 0 | N19: =[7]可燃!$T$43 -> 0 | O19: =[7]可燃!$U$43 -> 0 | P19: =SUM(N19:O19) -> 0 | Q19: =ROUND(M19+P19,1) -> 0
A20: 11 | J20: 11
B21: =[8]可燃!$G$43 -> 0 | C21: =[8]可燃!$H$43 -> 0 | D21: =SUM(B21:C21) -> 0 | E21: =[8]可燃!$I$43 -> 0 | F21: =[8]可燃!$J$43 -> 0 | G21: =SUM(E21:F21) -> 0 | H21: =ROUND(D21+G21,1) -> 0 | K21: =[8]可燃!$R$43 -> 0 | L21: =[8]可燃!$S$43 -> 0 | M21: =SUM(K21:L21) -> 0 | N21: =[8]可燃!$T$43 -> 0 | O21: =[8]可燃!$U$43 -> 0 | P21: =SUM(N21:O21) -> 0 | Q21: =ROUND(M21+P21,1) -> 0
A22: 12 | J22: 12
B23: =[9]可燃!$G$43 -> 0 | C23: =[9]可燃!$H$43 -> 0 | D23: =SUM(B23:C23) -> 0 | E23: =[9]可燃!$I$43 -> 0 | F23: =[9]可燃!$J$43 -> 0 | G23: =SUM(E23:F23) -> 0 | H23: =ROUND(D23+G23,1) -> 0 | K23: =[9]可燃!$R$43 -> 0 | L23: =[9]可燃!$S$43 -> 0 | M23: =SUM(K23:L23) -> 0 | N23: =[9]可燃!$T$43 -> 0 | O23: =[9]可燃!$U$43 -> 0 | P23: =SUM(N23:O23) -> 0 | Q23: =ROUND(M23+P23,1) -> 0
A24: 1 | J24: 1
B25: =[10]可燃!$G$43 -> 0 | C25: =[10]可燃!$H$43 -> 0 | D25: =SUM(B25:C25) -> 0 | E25: =[10]可燃!$I$43 -> 0 | F25: =[10]可燃!$J$43 -> 0 | G25: =SUM(E25:F25) -> 0 | H25: =ROUND(D25+G25,1) -> 0 | K25: =[10]可燃!$R$43 -> 0 | L25: =[10]可燃!$S$43 -> 0 | M25: =SUM(K25:L25) -> 0 | N25: =[10]可燃!$T$43 -> 0 | O25: =[10]可燃!$U$43 -> 0 | P25: =SUM(N25:O25) -> 0 | Q25: =ROUND(M25+P25,1) -> 0
A26: 2 | J26: 2
B27: =[11]可燃!$G$43 -> 0 | C27: =[11]可燃!$H$43 -> 0 | D27: =SUM(B27:C27) -> 0 | E27: =[11]可燃!$I$43 -> 0 | F27: =[11]可燃!$J$43 -> 0 | G27: =SUM(E27:F27) -> 0 | H27: =ROUND(D27+G27,1) -> 0 | K27: =[11]可燃!$R$43 -> 0 | L27: =[11]可燃!$S$43 -> 0 | M27: =SUM(K27:L27) -> 0 | N27: =[11]可燃!$T$43 -> 0 | O27: =[11]可燃!$U$43 -> 0 | P27: =SUM(N27:O27) -> 0 | Q27: =ROUND(M27+P27,1) -> 0
A28: 3 | J28: 3
B29: =[12]可燃!$G$43 -> 0 | C29: =[12]可燃!$H$43 -> 0 | D29: =SUM(B29:C29) -> 0 | E29: =[12]可燃!$I$43 -> 0 | F29: =[12]可燃!$J$43 -> 0 | G29: =SUM(E29:F29) -> 0 | H29: =ROUND(D29+G29,1) -> 0 | K29: =[12]可燃!$R$43 -> 0 | L29: =[12]可燃!$S$43 -> 0 | M29: =SUM(K29:L29) -> 0 | N29: =[12]可燃!$T$43 -> 0 | O29: =[12]可燃!$U$43 -> 0 | P29: =SUM(N29:O29) -> 0 | Q29: =ROUND(M29+P29,1) -> 0
A31: 合計 | J31: 合計
B32: =SUM(B7+B9+B11+B13+B15+B17+B19+B21+B23+B25+B27+B29) -> 0 | C32: =SUM(C7+C9+C11+C13+C15+C17+C19+C21+C23+C25+C27+C29) -> 0 | D32: =SUM(D7+D9+D11+D13+D15+D17+D19+D21+D23+D25+D27+D29) -> 0 | E32: =SUM(E7+E9+E11+E13+E15+E17+E19+E21+E23+E25+E27+E29) -> 0 | F32: =SUM(F7+F9+F11+F13+F15+F17+F19+F21+F23+F25+F27+F29) -> 0 | G32: =SUM(G7+G9+G11+G13+G15+G17+G19+G21+G23+G25+G27+G29) -> 0 | H32: =SUM(H6:H29) -> 0 | K32: =SUM(K7+K9+K11+K13+K15+K17+K19+K21+K23+K25+K27+K29) -> 0 | L32: =SUM(L7+L9+L11+L13+L15+L17+L19+L21+L23+L25+L27+L29) -> 0 | M32: =SUM(M7+M9+M11+M13+M15+M17+M19+M21+M23+M25+M27+M29) -> 0 | N32: =SUM(N7+N9+N11+N13+N15+N17+N19+N21+N23+N25+N27+N29) -> 0 | O32: =SUM(O7+O9+O11+O13+O15+O17+O19+O21+O23+O25+O27+O29) -> 0 | P32: =SUM(P7+P9+P11+P13+P15+P17+P19+P21+P23+P25+P27+P29) -> 0 | Q32: =SUM(Q6:Q29) -> 0

Sheet 4-2
A1: ="令和"&'[1]A-1'!$E$9-2018&"年度 一般廃棄物最終処分（埋立）地区別集計表 【第4－2表】" -> 令和9年度 一般廃棄物最終処分（埋立）地区別集計表 【第4－2表】
B3: 【収集不燃ごみ】 | K3: 【直搬不燃ごみ】 | Q3: 単位：トン
A5: 月別 | B5: 鬼 脇 | C5: 鴛 泊 | D5: 利尻富士計 | E5: 仙法志 | F5: 沓 形 | G5: 利尻計 | H5: 合 計 | J5: 月別 | K5: 鬼 脇 | L5: 鴛 泊 | M5: 利尻富士計 | N5: 仙法志 | O5: 沓 形 | P5: 利尻計 | Q5: 合 計
A6: 4 | J6: 4
B7: =[1]不燃・木くず・海岸清掃!$B$43 -> 0 | C7: =[1]不燃・木くず・海岸清掃!$C$43 -> 0 | D7: =SUM(B7:C7) -> 0 | E7: =[1]不燃・木くず・海岸清掃!$D$43 -> 0 | F7: =[1]不燃・木くず・海岸清掃!$E$43 -> 0 | G7: =SUM(E7:F7) -> 0 | H7: =ROUND(D7+G7,1) -> 0 | K7: =[1]不燃・木くず・海岸清掃!$G$43 -> 0 | L7: =[1]不燃・木くず・海岸清掃!$H$43 -> 0 | M7: =SUM(K7:L7) -> 0 | N7: =[1]不燃・木くず・海岸清掃!$I$43 -> 0 | O7: =[1]不燃・木くず・海岸清掃!$J$43 -> 0 | P7: =SUM(N7:O7) -> 0 | Q7: =ROUND(M7+P7,1) -> 0
A8: 5 | J8: 5
B9: =[2]不燃・木くず・海岸清掃!$B$43 -> 0 | C9: =[2]不燃・木くず・海岸清掃!$C$43 -> 0 | D9: =SUM(B9:C9) -> 0 | E9: =[2]不燃・木くず・海岸清掃!$D$43 -> 0 | F9: =[2]不燃・木くず・海岸清掃!$E$43 -> 0 | G9: =SUM(E9:F9) -> 0 | H9: =ROUND(D9+G9,1) -> 0 | K9: =[2]不燃・木くず・海岸清掃!$G$43 -> 0 | L9: =[2]不燃・木くず・海岸清掃!$H$43 -> 0 | M9: =SUM(K9:L9) -> 0 | N9: =[2]不燃・木くず・海岸清掃!$I$43 -> 0 | O9: =[2]不燃・木くず・海岸清掃!$J$43 -> 0 | P9: =SUM(N9:O9) -> 0 | Q9: =ROUND(M9+P9,1) -> 0
A10: 6 | J10: 6
B11: =[3]不燃・木くず・海岸清掃!$B$43 -> 0 | C11: =[3]不燃・木くず・海岸清掃!$C$43 -> 0 | D11: =SUM(B11:C11) -> 0 | E11: =[3]不燃・木くず・海岸清掃!$D$43 -> 0 | F11: =[3]不燃・木くず・海岸清掃!$E$43 -> 0 | G11: =SUM(E11:F11) -> 0 | H11: =ROUND(D11+G11,1) -> 0 | K11: =[3]不燃・木くず・海岸清掃!$G$43 -> 0 | L11: =[3]不燃・木くず・海岸清掃!$H$43 -> 0 | M11: =SUM(K11:L11) -> 0 | N11: =[3]不燃・木くず・海岸清掃!$I$43 -> 0 | O11: =[3]不燃・木くず・海岸清掃!$J$43 -> 0 | P11: =SUM(N11:O11) -> 0 | Q11: =ROUND(M11+P11,1) -> 0
A12: 7 | J12: 7
B13: =[4]不燃・木くず・海岸清掃!$B$43 -> 0 | C13: =[4]不燃・木くず・海岸清掃!$C$43 -> 0 | D13: =SUM(B13:C13) -> 0 | E13: =[4]不燃・木くず・海岸清掃!$D$43 -> 0 | F13: =[4]不燃・木くず・海岸清掃!$E$43 -> 0 | G13: =SUM(E13:F13) -> 0 | H13: =ROUND(D13+G13,1) -> 0 | K13: =[4]不燃・木くず・海岸清掃!$G$43 -> 0 | L13: =[4]不燃・木くず・海岸清掃!$H$43 -> 0 | M13: =SUM(K13:L13) -> 0 | N13: =[4]不燃・木くず・海岸清掃!$I$43 -> 0 | O13: =[4]不燃・木くず・海岸清掃!$J$43 -> 0 | P13: =SUM(N13:O13) -> 0 | Q13: =ROUND(M13+P13,1) -> 0
A14: 8 | J14: 8
B15: =[5]不燃・木くず・海岸清掃!$B$43 -> 0 | C15: =[5]不燃・木くず・海岸清掃!$C$43 -> 0 | D15: =SUM(B15:C15) -> 0 | E15: =[5]不燃・木くず・海岸清掃!$D$43 -> 0 | F15: =[5]不燃・木くず・海岸清掃!$E$43 -> 0 | G15: =SUM(E15:F15) -> 0 | H15: =ROUND(D15+G15,1) -> 0 | K15: =[5]不燃・木くず・海岸清掃!$G$43 -> 0 | L15: =[5]不燃・木くず・海岸清掃!$H$43 -> 0 | M15: =SUM(K15:L15) -> 0 | N15: =[5]不燃・木くず・海岸清掃!$I$43 -> 0 | O15: =[5]不燃・木くず・海岸清掃!$J$43 -> 0 | P15: =SUM(N15:O15) -> 0 | Q15: =ROUND(M15+P15,1) -> 0
A16: 9 | J16: 9
B17: =[6]不燃・木くず・海岸清掃!$B$43 -> 0 | C17: =[6]不燃・木くず・海岸清掃!$C$43 -> 0 | D17: =SUM(B17:C17) -> 0 | E17: =[6]不燃・木くず・海岸清掃!$D$43 -> 0 | F17: =[6]不燃・木くず・海岸清掃!$E$43 -> 0 | G17: =SUM(E17:F17) -> 0 | H17: =ROUND(D17+G17,1) -> 0 | K17: =[6]不燃・木くず・海岸清掃!$G$43 -> 0 | L17: =[6]不燃・木くず・海岸清掃!$H$43 -> 0 | M17: =SUM(K17:L17) -> 0 | N17: =[6]不燃・木くず・海岸清掃!$I$43 -> 0 | O17: =[6]不燃・木くず・海岸清掃!$J$43 -> 0 | P17: =SUM(N17:O17) -> 0 | Q17: =ROUND(M17+P17,1) -> 0
A18: 10 | J18: 10
B19: =[7]不燃・木くず・海岸清掃!$B$43 -> 0 | C19: =[7]不燃・木くず・海岸清掃!$C$43 -> 0 | D19: =SUM(B19:C19) -> 0 | E19: =[7]不燃・木くず・海岸清掃!$D$43 -> 0 | F19: =[7]不燃・木くず・海岸清掃!$E$43 -> 0 | G19: =SUM(E19:F19) -> 0 | H19: =ROUND(D19+G19,1) -> 0 | K19: =[7]不燃・木くず・海岸清掃!$G$43 -> 0 | L19: =[7]不燃・木くず・海岸清掃!$H$43 -> 0 | M19: =SUM(K19:L19) -> 0 | N19: =[7]不燃・木くず・海岸清掃!$I$43 -> 0 | O19: =[7]不燃・木くず・海岸清掃!$J$43 -> 0 | P19: =SUM(N19:O19) -> 0 | Q19: =ROUND(M19+P19,1) -> 0
A20: 11 | J20: 11
B21: =[8]不燃・木くず・海岸清掃!$B$43 -> 0 | C21: =[8]不燃・木くず・海岸清掃!$C$43 -> 0 | D21: =SUM(B21:C21) -> 0 | E21: =[8]不燃・木くず・海岸清掃!$D$43 -> 0 | F21: =[8]不燃・木くず・海岸清掃!$E$43 -> 0 | G21: =SUM(E21:F21) -> 0 | H21: =ROUND(D21+G21,1) -> 0 | K21: =[8]不燃・木くず・海岸清掃!$G$43 -> 0 | L21: =[8]不燃・木くず・海岸清掃!$H$43 -> 0 | M21: =SUM(K21:L21) -> 0 | N21: =[8]不燃・木くず・海岸清掃!$I$43 -> 0 | O21: =[8]不燃・木くず・海岸清掃!$J$43 -> 0 | P21: =SUM(N21:O21) -> 0 | Q21: =ROUND(M21+P21,1) -> 0
A22: 12 | J22: 12
B23: =[9]不燃・木くず・海岸清掃!$B$43 -> 0 | C23: =[9]不燃・木くず・海岸清掃!$C$43 -> 0 | D23: =SUM(B23:C23) -> 0 | E23: =[9]不燃・木くず・海岸清掃!$D$43 -> 0 | F23: =[9]不燃・木くず・海岸清掃!$E$43 -> 0 | G23: =SUM(E23:F23) -> 0 | H23: =ROUND(D23+G23,1) -> 0 | K23: =[9]不燃・木くず・海岸清掃!$G$43 -> 0 | L23: =[9]不燃・木くず・海岸清掃!$H$43 -> 0 | M23: =SUM(K23:L23) -> 0 | N23: =[9]不燃・木くず・海岸清掃!$I$43 -> 0 | O23: =[9]不燃・木くず・海岸清掃!$J$43 -> 0 | P23: =SUM(N23:O23) -> 0 | Q23: =ROUND(M23+P23,1) -> 0
A24: 1 | J24: 1
B25: =[10]不燃・木くず・海岸清掃!$B$43 -> 0 | C25: =[10]不燃・木くず・海岸清掃!$C$43 -> 0 | D25: =SUM(B25:C25) -> 0 | E25: =[10]不燃・木くず・海岸清掃!$D$43 -> 0 | F25: =[10]不燃・木くず・海岸清掃!$E$43 -> 0 | G25: =SUM(E25:F25) -> 0 | H25: =ROUND(D25+G25,1) -> 0 | K25: =[10]不燃・木くず・海岸清掃!$G$43 -> 0 | L25: =[10]不燃・木くず・海岸清掃!$H$43 -> 0 | M25: =SUM(K25:L25) -> 0 | N25: =[10]不燃・木くず・海岸清掃!$I$43 -> 0 | O25: =[10]不燃・木くず・海岸清掃!$J$43 -> 0 | P25: =SUM(N25:O25) -> 0 | Q25: =ROUND(M25+P25,1) -> 0
A26: 2 | J26: 2
B27: =[11]不燃・木くず・海岸清掃!$B$43 -> 0 | C27: =[11]不燃・木くず・海岸清掃!$C$43 -> 0 | D27: =SUM(B27:C27) -> 0 | E27: =[11]不燃・木くず・海岸清掃!$D$43 -> 0 | F27: =[11]不燃・木くず・海岸清掃!$E$43 -> 0 | G27: =SUM(E27:F27) -> 0 | H27: =ROUND(D27+G27,1) -> 0 | K27: =[11]不燃・木くず・海岸清掃!$G$43 -> 0 | L27: =[11]不燃・木くず・海岸清掃!$H$43 -> 0 | M27: =SUM(K27:L27) -> 0 | N27: =[11]不燃・木くず・海岸清掃!$I$43 -> 0 | O27: =[11]不燃・木くず・海岸清掃!$J$43 -> 0 | P27: =SUM(N27:O27) -> 0 | Q27: =ROUND(M27+P27,1) -> 0
A28: 3 | J28: 3
B29: =[12]不燃・木くず・海岸清掃!$B$43 -> 0 | C29: =[12]不燃・木くず・海岸清掃!$C$43 -> 0 | D29: =SUM(B29:C29) -> 0 | E29: =[12]不燃・木くず・海岸清掃!$D$43 -> 0 | F29: =[12]不燃・木くず・海岸清掃!$E$43 -> 0 | G29: =SUM(E29:F29) -> 0 | H29: =ROUND(D29+G29,1) -> 0 | K29: =[12]不燃・木くず・海岸清掃!$G$43 -> 0 | L29: =[12]不燃・木くず・海岸清掃!$H$43 -> 0 | M29: =SUM(K29:L29) -> 0 | N29: =[12]不燃・木くず・海岸清掃!$I$43 -> 0 | O29: =[12]不燃・木くず・海岸清掃!$J$43 -> 0 | P29: =SUM(N29:O29) -> 0 | Q29: =ROUND(M29+P29,1) -> 0
A31: 合計 | J31: 合計
B32: =SUM(B7+B9+B11+B13+B15+B17+B19+B21+B23+B25+B27+B29) -> 0 | C32: =SUM(C7+C9+C11+C13+C15+C17+C19+C21+C23+C25+C27+C29) -> 0 | D32: =SUM(D7+D9+D11+D13+D15+D17+D19+D21+D23+D25+D27+D29) -> 0 | E32: =SUM(E7+E9+E11+E13+E15+E17+E19+E21+E23+E25+E27+E29) -> 0 | F32: =SUM(F7+F9+F11+F13+F15+F17+F19+F21+F23+F25+F27+F29) -> 0 | G32: =SUM(G7+G9+G11+G13+G15+G17+G19+G21+G23+G25+G27+G29) -> 0 | H32: =SUM(H6:H29) -> 0 | K32: =SUM(K7+K9+K11+K13+K15+K17+K19+K21+K23+K25+K27+K29) -> 0 | L32: =SUM(L7+L9+L11+L13+L15+L17+L19+L21+L23+L25+L27+L29) -> 0 | M32: =SUM(M7+M9+M11+M13+M15+M17+M19+M21+M23+M25+M27+M29) -> 0 | N32: =SUM(N7+N9+N11+N13+N15+N17+N19+N21+N23+N25+N27+N29) -> 0 | O32: =SUM(O7+O9+O11+O13+O15+O17+O19+O21+O23+O25+O27+O29) -> 0 | P32: =SUM(P7+P9+P11+P13+P15+P17+P19+P21+P23+P25+P27+P29) -> 0 | Q32: =SUM(Q6:Q29) -> 0

Sheet 4-3
A1: ="令和"&'[1]A-1'!$E$9-2018&"年度 一般廃棄物最終処分（埋立）地区別集計表 【第4－3表】" -> 令和9年度 一般廃棄物最終処分（埋立）地区別集計表 【第4－3表】
B3: 【収集びん類】 | K3: 【直搬びん類】 | Q3: 単位：トン
A5: 月別 | B5: 鬼 脇 | C5: 鴛 泊 | D5: 利尻富士計 | E5: 仙法志 | F5: 沓 形 | G5: 利尻計 | H5: 合 計 | J5: 月別 | K5: 鬼 脇 | L5: 鴛 泊 | M5: 利尻富士計 | N5: 仙法志 | O5: 沓 形 | P5: 利尻計 | Q5: 合 計
A6: 4 | J6: 4
B7: =[1]ビン類!$G$43 -> 0 | C7: =[1]ビン類!$H$43 -> 0 | D7: =SUM(B7:C7) -> 0 | E7: =[1]ビン類!$I$43 -> 0 | F7: =[1]ビン類!$J$43 -> 0 | G7: =SUM(E7:F7) -> 0 | H7: =ROUND(D7+G7,1) -> 0 | K7: =[1]ビン類!$R$43 -> 0 | L7: =[1]ビン類!$S$43 -> 0 | M7: =SUM(K7:L7) -> 0 | N7: =[1]ビン類!$T$43 -> 0 | O7: =[1]ビン類!$U$43 -> 0 | P7: =SUM(N7:O7) -> 0 | Q7: =ROUND(M7+P7,1) -> 0
A8: 5 | J8: 5
B9: =[2]ビン類!$G$43 -> 0 | C9: =[2]ビン類!$H$43 -> 0 | D9: =SUM(B9:C9) -> 0 | E9: =[2]ビン類!$I$43 -> 0 | F9: =[2]ビン類!$J$43 -> 0 | G9: =SUM(E9:F9) -> 0 | H9: =ROUND(D9+G9,1) -> 0 | K9: =[2]ビン類!$R$43 -> 0 | L9: =[2]ビン類!$S$43 -> 0 | M9: =SUM(K9:L9) -> 0 | N9: =[2]ビン類!$T$43 -> 0 | O9: =[2]ビン類!$U$43 -> 0 | P9: =SUM(N9:O9) -> 0 | Q9: =ROUND(M9+P9,1) -> 0
A10: 6 | J10: 6
B11: =[3]ビン類!$G$43 -> 0 | C11: =[3]ビン類!$H$43 -> 0 | D11: =SUM(B11:C11) -> 0 | E11: =[3]ビン類!$I$43 -> 0 | F11: =[3]ビン類!$J$43 -> 0 | G11: =SUM(E11:F11) -> 0 | H11: =ROUND(D11+G11,1) -> 0 | K11: =[3]ビン類!$R$43 -> 0 | L11: =[3]ビン類!$S$43 -> 0 | M11: =SUM(K11:L11) -> 0 | N11: =[3]ビン類!$T$43 -> 0 | O11: =[3]ビン類!$U$43 -> 0 | P11: =SUM(N11:O11) -> 0 | Q11: =ROUND(M11+P11,1) -> 0
A12: 7 | J12: 7
B13: =[4]ビン類!$G$43 -> 0 | C13: =[4]ビン類!$H$43 -> 0 | D13: =SUM(B13:C13) -> 0 | E13: =[4]ビン類!$I$43 -> 0 | F13: =[4]ビン類!$J$43 -> 0 | G13: =SUM(E13:F13) -> 0 | H13: =ROUND(D13+G13,1) -> 0 | K13: =[4]ビン類!$R$43 -> 0 | L13: =[4]ビン類!$S$43 -> 0 | M13: =SUM(K13:L13) -> 0 | N13: =[4]ビン類!$T$43 -> 0 | O13: =[4]ビン類!$U$43 -> 0 | P13: =SUM(N13:O13) -> 0 | Q13: =ROUND(M13+P13,1) -> 0
A14: 8 | J14: 8
B15: =[5]ビン類!$G$43 -> 0 | C15: =[5]ビン類!$H$43 -> 0 | D15: =SUM(B15:C15) -> 0 | E15: =[5]ビン類!$I$43 -> 0 | F15: =[5]ビン類!$J$43 -> 0 | G15: =SUM(E15:F15) -> 0 | H15: =ROUND(D15+G15,1) -> 0 | K15: =[5]ビン類!$R$43 -> 0 | L15: =[5]ビン類!$S$43 -> 0 | M15: =SUM(K15:L15) -> 0 | N15: =[5]ビン類!$T$43 -> 0 | O15: =[5]ビン類!$U$43 -> 0 | P15: =SUM(N15:O15) -> 0 | Q15: =ROUND(M15+P15,1) -> 0
A16: 9 | J16: 9
B17: =[6]ビン類!$G$43 -> 0 | C17: =[6]ビン類!$H$43 -> 0 | D17: =SUM(B17:C17) -> 0 | E17: =[6]ビン類!$I$43 -> 0 | F17: =[6]ビン類!$J$43 -> 0 | G17: =SUM(E17:F17) -> 0 | H17: =ROUND(D17+G17,1) -> 0 | K17: =[6]ビン類!$R$43 -> 0 | L17: =[6]ビン類!$S$43 -> 0 | M17: =SUM(K17:L17) -> 0 | N17: =[6]ビン類!$T$43 -> 0 | O17: =[6]ビン類!$U$43 -> 0 | P17: =SUM(N17:O17) -> 0 | Q17: =ROUND(M17+P17,1) -> 0
A18: 10 | J18: 10
B19: =[7]ビン類!$G$43 -> 0 | C19: =[7]ビン類!$H$43 -> 0 | D19: =SUM(B19:C19) -> 0 | E19: =[7]ビン類!$I$43 -> 0 | F19: =[7]ビン類!$J$43 -> 0 | G19: =SUM(E19:F19) -> 0 | H19: =ROUND(D19+G19,1) -> 0 | K19: =[7]ビン類!$R$43 -> 0 | L19: =[7]ビン類!$S$43 -> 0 | M19: =SUM(K19:L19) -> 0 | N19: =[7]ビン類!$T$43 -> 0 | O19: =[7]ビン類!$U$43 -> 0 | P19: =SUM(N19:O19) -> 0 | Q19: =ROUND(M19+P19,1) -> 0
A20: 11 | J20: 11
B21: =[8]ビン類!$G$43 -> 0 | C21: =[8]ビン類!$H$43 -> 0 | D21: =SUM(B21:C21) -> 0 | E21: =[8]ビン類!$I$43 -> 0 | F21: =[8]ビン類!$J$43 -> 0 | G21: =SUM(E21:F21) -> 0 | H21: =ROUND(D21+G21,1) -> 0 | K21: =[8]ビン類!$R$43 -> 0 | L21: =[8]ビン類!$S$43 -> 0 | M21: =SUM(K21:L21) -> 0 | N21: =[8]ビン類!$T$43 -> 0 | O21: =[8]ビン類!$U$43 -> 0 | P21: =SUM(N21:O21) -> 0 | Q21: =ROUND(M21+P21,1) -> 0
A22: 12 | J22: 12
B23: =[9]ビン類!$G$43 -> 0 | C23: =[9]ビン類!$H$43 -> 0 | D23: =SUM(B23:C23) -> 0 | E23: =[9]ビン類!$I$43 -> 0 | F23: =[9]ビン類!$J$43 -> 0 | G23: =SUM(E23:F23) -> 0 | H23: =ROUND(D23+G23,1) -> 0 | K23: =[9]ビン類!$R$43 -> 0 | L23: =[9]ビン類!$S$43 -> 0 | M23: =SUM(K23:L23) -> 0 | N23: =[9]ビン類!$T$43 -> 0 | O23: =[9]ビン類!$U$43 -> 0 | P23: =SUM(N23:O23) -> 0 | Q23: =ROUND(M23+P23,1) -> 0
A24: 1 | J24: 1
B25: =[10]ビン類!$G$43 -> 0 | C25: =[10]ビン類!$H$43 -> 0 | D25: =SUM(B25:C25) -> 0 | E25: =[10]ビン類!$I$43 -> 0 | F25: =[10]ビン類!$J$43 -> 0 | G25: =SUM(E25:F25) -> 0 | H25: =ROUND(D25+G25,1) -> 0 | K25: =[10]ビン類!$R$43 -> 0 | L25: =[10]ビン類!$S$43 -> 0 | M25: =SUM(K25:L25) -> 0 | N25: =[10]ビン類!$T$43 -> 0 | O25: =[10]ビン類!$U$43 -> 0 | P25: =SUM(N25:O25) -> 0 | Q25: =ROUND(M25+P25,1) -> 0
A26: 2 | J26: 2
B27: =[11]ビン類!$G$43 -> 0 | C27: =[11]ビン類!$H$43 -> 0 | D27: =SUM(B27:C27) -> 0 | E27: =[11]ビン類!$I$43 -> 0 | F27: =[11]ビン類!$J$43 -> 0 | G27: =SUM(E27:F27) -> 0 | H27: =ROUND(D27+G27,1) -> 0 | K27: =[11]ビン類!$R$43 -> 0 | L27: =[11]ビン類!$S$43 -> 0 | M27: =SUM(K27:L27) -> 0 | N27: =[11]ビン類!$T$43 -> 0 | O27: =[11]ビン類!$U$43 -> 0 | P27: =SUM(N27:O27) -> 0 | Q27: =ROUND(M27+P27,1) -> 0
A28: 3 | J28: 3
B29: =[12]ビン類!$G$43 -> 0 | C29: =[12]ビン類!$H$43 -> 0 | D29: =SUM(B29:C29) -> 0 | E29: =[12]ビン類!$I$43 -> 0 | F29: =[12]ビン類!$J$43 -> 0 | G29: =SUM(E29:F29) -> 0 | H29: =ROUND(D29+G29,1) -> 0 | K29: =[12]ビン類!$R$43 -> 0 | L29: =[12]ビン類!$S$43 -> 0 | M29: =SUM(K29:L29) -> 0 | N29: =[12]ビン類!$T$43 -> 0 | O29: =[12]ビン類!$U$43 -> 0 | P29: =SUM(N29:O29) -> 0 | Q29: =ROUND(M29+P29,1) -> 0
A31: 合計 | J31: 合計
B32: =SUM(B7+B9+B11+B13+B15+B17+B19+B21+B23+B25+B27+B29) -> 0 | C32: =SUM(C7+C9+C11+C13+C15+C17+C19+C21+C23+C25+C27+C29) -> 0 | D32: =SUM(D7+D9+D11+D13+D15+D17+D19+D21+D23+D25+D27+D29) -> 0 | E32: =SUM(E7+E9+E11+E13+E15+E17+E19+E21+E23+E25+E27+E29) -> 0 | F32: =SUM(F7+F9+F11+F13+F15+F17+F19+F21+F23+F25+F27+F29) -> 0 | G32: =SUM(G7+G9+G11+G13+G15+G17+G19+G21+G23+G25+G27+G29) -> 0 | H32: =SUM(H6:H29) -> 0 | K32: =SUM(K7+K9+K11+K13+K15+K17+K19+K21+K23+K25+K27+K29) -> 0 | L32: =SUM(L7+L9+L11+L13+L15+L17+L19+L21+L23+L25+L27+L29) -> 0 | M32: =SUM(M7+M9+M11+M13+M15+M17+M19+M21+M23+M25+M27+M29) -> 0 | N32: =SUM(N7+N9+N11+N13+N15+N17+N19+N21+N23+N25+N27+N29) -> 0 | O32: =SUM(O7+O9+O11+O13+O15+O17+O19+O21+O23+O25+O27+O29) -> 0 | P32: =SUM(P7+P9+P11+P13+P15+P17+P19+P21+P23+P25+P27+P29) -> 0 | Q32: =SUM(Q6:Q29) -> 0

Sheet 4-4
A1: ="令和"&'[1]A-1'!$E$9-2018&"年度 一般廃棄物最終処分（埋立）地区別集計表 【第4－4表】" -> 令和9年度 一般廃棄物最終処分（埋立）地区別集計表 【第4－4表】
B3: 【収集缶類】 | K3: 【直搬缶類】 | Q3: 単位：トン
A5: 月別 | B5: 鬼 脇 | C5: 鴛 泊 | D5: 利尻富士計 | E5: 仙法志 | F5: 沓 形 | G5: 利尻計 | H5: 合 計 | J5: 月別 | K5: 鬼 脇 | L5: 鴛 泊 | M5: 利尻富士計 | N5: 仙法志 | O5: 沓 形 | P5: 利尻計 | Q5: 合 計
A6: 4 | J6: 4
B7: =[1]缶類!$G$43 -> 0 | C7: =[1]缶類!$H$43 -> 0 | D7: =SUM(B7:C7) -> 0 | E7: =[1]缶類!$I$43 -> 0 | F7: =[1]缶類!$J$43 -> 0 | G7: =SUM(E7:F7) -> 0 | H7: =ROUND(D7+G7,1) -> 0 | K7: =[1]缶類!$R$43 -> 0 | L7: =[1]缶類!$S$43 -> 0 | M7: =SUM(K7:L7) -> 0 | N7: =[1]缶類!$T$43 -> 0 | O7: =[1]缶類!$U$43 -> 0 | P7: =SUM(N7:O7) -> 0 | Q7: =ROUND(M7+P7,1) -> 0
A8: 5 | J8: 5
B9: =[2]缶類!$G$43 -> 0 | C9: =[2]缶類!$H$43 -> 0 | D9: =SUM(B9:C9) -> 0 | E9: =[2]缶類!$I$43 -> 0 | F9: =[2]缶類!$J$43 -> 0 | G9: =SUM(E9:F9) -> 0 | H9: =ROUND(D9+G9,1) -> 0 | K9: =[2]缶類!$R$43 -> 0 | L9: =[2]缶類!$S$43 -> 0 | M9: =SUM(K9:L9) -> 0 | N9: =[2]缶類!$T$43 -> 0 | O9: =[2]缶類!$U$43 -> 0 | P9: =SUM(N9:O9) -> 0 | Q9: =ROUND(M9+P9,1) -> 0
A10: 6 | J10: 6
B11: =[3]缶類!$G$43 -> 0 | C11: =[3]缶類!$H$43 -> 0 | D11: =SUM(B11:C11) -> 0 | E11: =[3]缶類!$I$43 -> 0 | F11: =[3]缶類!$J$43 -> 0 | G11: =SUM(E11:F11) -> 0 | H11: =ROUND(D11+G11,1) -> 0 | K11: =[3]缶類!$R$43 -> 0 | L11: =[3]缶類!$S$43 -> 0 | M11: =SUM(K11:L11) -> 0 | N11: =[3]缶類!$T$43 -> 0 | O11: =[3]缶類!$U$43 -> 0 | P11: =SUM(N11:O11) -> 0 | Q11: =ROUND(M11+P11,1) -> 0
A12: 7 | J12: 7
B13: =[4]缶類!$G$43 -> 0 | C13: =[4]缶類!$H$43 -> 0 | D13: =SUM(B13:C13) -> 0 | E13: =[4]缶類!$I$43 -> 0 | F13: =[4]缶類!$J$43 -> 0 | G13: =SUM(E13:F13) -> 0 | H13: =ROUND(D13+G13,1) -> 0 | K13: =[4]缶類!$R$43 -> 0 | L13: =[4]缶類!$S$43 -> 0 | M13: =SUM(K13:L13) -> 0 | N13: =[4]缶類!$T$43 -> 0 | O13: =[4]缶類!$U$43 -> 0 | P13: =SUM(N13:O13) -> 0 | Q13: =ROUND(M13+P13,1) -> 0
A14: 8 | J14: 8
B15: =[5]缶類!$G$43 -> 0 | C15: =[5]缶類!$H$43 -> 0 | D15: =SUM(B15:C15) -> 0 | E15: =[5]缶類!$I$43 -> 0 | F15: =[5]缶類!$J$43 -> 0 | G15: =SUM(E15:F15) -> 0 | H15: =ROUND(D15+G15,1) -> 0 | K15: =[5]缶類!$R$43 -> 0 | L15: =[5]缶類!$S$43 -> 0 | M15: =SUM(K15:L15) -> 0 | N15: =[5]缶類!$T$43 -> 0 | O15: =[5]缶類!$U$43 -> 0 | P15: =SUM(N15:O15) -> 0 | Q15: =ROUND(M15+P15,1) -> 0
A16: 9 | J16: 9
B17: =[6]缶類!$G$43 -> 0 | C17: =[6]缶類!$H$43 -> 0 | D17: =SUM(B17:C17) -> 0 | E17: =[6]缶類!$I$43 -> 0 | F17: =[6]缶類!$J$43 -> 0 | G17: =SUM(E17:F17) -> 0 | H17: =ROUND(D17+G17,1) -> 0 | K17: =[6]缶類!$R$43 -> 0 | L17: =[6]缶類!$S$43 -> 0 | M17: =SUM(K17:L17) -> 0 | N17: =[6]缶類!$T$43 -> 0 | O17: =[6]缶類!$U$43 -> 0 | P17: =SUM(N17:O17) -> 0 | Q17: =ROUND(M17+P17,1) -> 0
A18: 10 | J18: 10
B19: =[7]缶類!$G$43 -> 0 | C19: =[7]缶類!$H$43 -> 0 | D19: =SUM(B19:C19) -> 0 | E19: =[7]缶類!$I$43 -> 0 | F19: =[7]缶類!$J$43 -> 0 | G19: =SUM(E19:F19) -> 0 | H19: =ROUND(D19+G19,1) -> 0 | K19: =[7]缶類!$R$43 -> 0 | L19: =[7]缶類!$S$43 -> 0 | M19: =SUM(K19:L19) -> 0 | N19: =[7]缶類!$T$43 -> 0 | O19: =[7]缶類!$U$43 -> 0 | P19: =SUM(N19:O19) -> 0 | Q19: =ROUND(M19+P19,1) -> 0
A20: 11 | J20: 11
B21: =[8]缶類!$G$43 -> 0 | C21: =[8]缶類!$H$43 -> 0 | D21: =SUM(B21:C21) -> 0 | E21: =[8]缶類!$I$43 -> 0 | F21: =[8]缶類!$J$43 -> 0 | G21: =SUM(E21:F21) -> 0 | H21: =ROUND(D21+G21,1) -> 0 | K21: =[8]缶類!$R$43 -> 0 | L21: =[8]缶類!$S$43 -> 0 | M21: =SUM(K21:L21) -> 0 | N21: =[8]缶類!$T$43 -> 0 | O21: =[8]缶類!$U$43 -> 0 | P21: =SUM(N21:O21) -> 0 | Q21: =ROUND(M21+P21,1) -> 0
A22: 12 | J22: 12
B23: =[9]缶類!$G$43 -> 0 | C23: =[9]缶類!$H$43 -> 0 | D23: =SUM(B23:C23) -> 0 | E23: =[9]缶類!$I$43 -> 0 | F23: =[9]缶類!$J$43 -> 0 | G23: =SUM(E23:F23) -> 0 | H23: =ROUND(D23+G23,1) -> 0 | K23: =[9]缶類!$R$43 -> 0 | L23: =[9]缶類!$S$43 -> 0 | M23: =SUM(K23:L23) -> 0 | N23: =[9]缶類!$T$43 -> 0 | O23: =[9]缶類!$U$43 -> 0 | P23: =SUM(N23:O23) -> 0 | Q23: =ROUND(M23+P23,1) -> 0
A24: 1 | J24: 1
B25: =[10]缶類!$G$43 -> 0 | C25: =[10]缶類!$H$43 -> 0 | D25: =SUM(B25:C25) -> 0 | E25: =[10]缶類!$I$43 -> 0 | F25: =[10]缶類!$J$43 -> 0 | G25: =SUM(E25:F25) -> 0 | H25: =ROUND(D25+G25,1) -> 0 | K25: =[10]缶類!$R$43 -> 0 | L25: =[10]缶類!$S$43 -> 0 | M25: =SUM(K25:L25) -> 0 | N25: =[10]缶類!$T$43 -> 0 | O25: =[10]缶類!$U$43 -> 0 | P25: =SUM(N25:O25) -> 0 | Q25: =ROUND(M25+P25,1) -> 0
A26: 2 | J26: 2
B27: =[11]缶類!$G$43 -> 0 | C27: =[11]缶類!$H$43 -> 0 | D27: =SUM(B27:C27) -> 0 | E27: =[11]缶類!$I$43 -> 0 | F27: =[11]缶類!$J$43 -> 0 | G27: =SUM(E27:F27) -> 0 | H27: =ROUND(D27+G27,1) -> 0 | K27: =[11]缶類!$R$43 -> 0 | L27: =[11]缶類!$S$43 -> 0 | M27: =SUM(K27:L27) -> 0 | N27: =[11]缶類!$T$43 -> 0 | O27: =[11]缶類!$U$43 -> 0 | P27: =SUM(N27:O27) -> 0 | Q27: =ROUND(M27+P27,1) -> 0
A28: 3 | J28: 3
B29: =[12]缶類!$G$43 -> 0 | C29: =[12]缶類!$H$43 -> 0 | D29: =SUM(B29:C29) -> 0 | E29: =[12]缶類!$I$43 -> 0 | F29: =[12]缶類!$J$43 -> 0 | G29: =SUM(E29:F29) -> 0 | H29: =ROUND(D29+G29,1) -> 0 | K29: =[12]缶類!$R$43 -> 0 | L29: =[12]缶類!$S$43 -> 0 | M29: =SUM(K29:L29) -> 0 | N29: =[12]缶類!$T$43 -> 0 | O29: =[12]缶類!$U$43 -> 0 | P29: =SUM(N29:O29) -> 0 | Q29: =ROUND(M29+P29,1) -> 0
A31: 合計 | J31: 合計
B32: =SUM(B7+B9+B11+B13+B15+B17+B19+B21+B23+B25+B27+B29) -> 0 | C32: =SUM(C7+C9+C11+C13+C15+C17+C19+C21+C23+C25+C27+C29) -> 0 | D32: =SUM(D7+D9+D11+D13+D15+D17+D19+D21+D23+D25+D27+D29) -> 0 | E32: =SUM(E7+E9+E11+E13+E15+E17+E19+E21+E23+E25+E27+E29) -> 0 | F32: =SUM(F7+F9+F11+F13+F15+F17+F19+F21+F23+F25+F27+F29) -> 0 | G32: =SUM(G7+G9+G11+G13+G15+G17+G19+G21+G23+G25+G27+G29) -> 0 | H32: =SUM(H6:H29) -> 0 | K32: =SUM(K7+K9+K11+K13+K15+K17+K19+K21+K23+K25+K27+K29) -> 0 | L32: =SUM(L7+L9+L11+L13+L15+L17+L19+L21+L23+L25+L27+L29) -> 0 | M32: =SUM(M7+M9+M11+M13+M15+M17+M19+M21+M23+M25+M27+M29) -> 0 | N32: =SUM(N7+N9+N11+N13+N15+N17+N19+N21+N23+N25+N27+N29) -> 0 | O32: =SUM(O7+O9+O11+O13+O15+O17+O19+O21+O23+O25+O27+O29) -> 0 | P32: =SUM(P7+P9+P11+P13+P15+P17+P19+P21+P23+P25+P27+P29) -> 0 | Q32: =SUM(Q6:Q29) -> 0

Sheet 4-5
A1: ="令和"&'[1]A-1'!$E$9-2018&"年度 一般廃棄物最終処分（埋立）地区別集計表 【第4－5表】" -> 令和9年度 一般廃棄物最終処分（埋立）地区別集計表 【第4－5表】
B3: 【収集ペットボトル】 | K3: 【直搬ペットボトル】 | Q3: 単位：トン
A5: 月別 | B5: 鬼 脇 | C5: 鴛 泊 | D5: 利尻富士計 | E5: 仙法志 | F5: 沓 形 | G5: 利尻計 | H5: 合 計 | J5: 月別 | K5: 鬼 脇 | L5: 鴛 泊 | M5: 利尻富士計 | N5: 仙法志 | O5: 沓 形 | P5: 利尻計 | Q5: 合 計
A6: 4 | J6: 4
B7: =[1]ペットボトル!$G$43 -> 0 | C7: =[1]ペットボトル!$H$43 -> 0 | D7: =SUM(B7:C7) -> 0 | E7: =[1]ペットボトル!$I$43 -> 0 | F7: =[1]ペットボトル!$J$43 -> 0 | G7: =SUM(E7:F7) -> 0 | H7: =ROUND(D7+G7,1) -> 0 | K7: =[1]ペットボトル!$R$43 -> 0 | L7: =[1]ペットボトル!$S$43 -> 0 | M7: =SUM(K7:L7) -> 0 | N7: =[1]ペットボトル!$T$43 -> 0 | O7: =[1]ペットボトル!$U$43 -> 0 | P7: =SUM(N7:O7) -> 0 | Q7: =ROUND(M7+P7,1) -> 0
A8: 5 | J8: 5
B9: =[2]ペットボトル!$G$43 -> 0 | C9: =[2]ペットボトル!$H$43 -> 0 | D9: =SUM(B9:C9) -> 0 | E9: =[2]ペットボトル!$I$43 -> 0 | F9: =[2]ペットボトル!$J$43 -> 0 | G9: =SUM(E9:F9) -> 0 | H9: =ROUND(D9+G9,1) -> 0 | K9: =[2]ペットボトル!$R$43 -> 0 | L9: =[2]ペットボトル!$S$43 -> 0 | M9: =SUM(K9:L9) -> 0 | N9: =[2]ペットボトル!$T$43 -> 0 | O9: =[2]ペットボトル!$U$43 -> 0 | P9: =SUM(N9:O9) -> 0 | Q9: =ROUND(M9+P9,1) -> 0
A10: 6 | J10: 6
B11: =[3]ペットボトル!$G$43 -> 0 | C11: =[3]ペットボトル!$H$43 -> 0 | D11: =SUM(B11:C11) -> 0 | E11: =[3]ペットボトル!$I$43 -> 0 | F11: =[3]ペットボトル!$J$43 -> 0 | G11: =SUM(E11:F11) -> 0 | H11: =ROUND(D11+G11,1) -> 0 | K11: =[3]ペットボトル!$R$43 -> 0 | L11: =[3]ペットボトル!$S$43 -> 0 | M11: =SUM(K11:L11) -> 0 | N11: =[3]ペットボトル!$T$43 -> 0 | O11: =[3]ペットボトル!$U$43 -> 0 | P11: =SUM(N11:O11) -> 0 | Q11: =ROUND(M11+P11,1) -> 0
A12: 7 | J12: 7
B13: =[4]ペットボトル!$G$43 -> 0 | C13: =[4]ペットボトル!$H$43 -> 0 | D13: =SUM(B13:C13) -> 0 | E13: =[4]ペットボトル!$I$43 -> 0 | F13: =[4]ペットボトル!$J$43 -> 0 | G13: =SUM(E13:F13) -> 0 | H13: =ROUND(D13+G13,1) -> 0 | K13: =[4]ペットボトル!$R$43 -> 0 | L13: =[4]ペットボトル!$S$43 -> 0 | M13: =SUM(K13:L13) -> 0 | N13: =[4]ペットボトル!$T$43 -> 0 | O13: =[4]ペットボトル!$U$43 -> 0 | P13: =SUM(N13:O13) -> 0 | Q13: =ROUND(M13+P13,1) -> 0
A14: 8 | J14: 8
B15: =[5]ペットボトル!$G$43 -> 0 | C15: =[5]ペットボトル!$H$43 -> 0 | D15: =SUM(B15:C15) -> 0 | E15: =[5]ペットボトル!$I$43 -> 0 | F15: =[5]ペットボトル!$J$43 -> 0 | G15: =SUM(E15:F15) -> 0 | H15: =ROUND(D15+G15,1) -> 0 | K15: =[5]ペットボトル!$R$43 -> 0 | L15: =[5]ペットボトル!$S$43 -> 0 | M15: =SUM(K15:L15) -> 0 | N15: =[5]ペットボトル!$T$43 -> 0 | O15: =[5]ペットボトル!$U$43 -> 0 | P15: =SUM(N15:O15) -> 0 | Q15: =ROUND(M15+P15,1) -> 0
A16: 9 | J16: 9
B17: =[6]ペットボトル!$G$43 -> 0 | C17: =[6]ペットボトル!$H$43 -> 0 | D17: =SUM(B17:C17) -> 0 | E17: =[6]ペットボトル!$I$43 -> 0 | F17: =[6]ペットボトル!$J$43 -> 0 | G17: =SUM(E17:F17) -> 0 | H17: =ROUND(D17+G17,1) -> 0 | K17: =[6]ペットボトル!$R$43 -> 0 | L17: =[6]ペットボトル!$S$43 -> 0 | M17: =SUM(K17:L17) -> 0 | N17: =[6]ペットボトル!$T$43 -> 0 | O17: =[6]ペットボトル!$U$43 -> 0 | P17: =SUM(N17:O17) -> 0 | Q17: =ROUND(M17+P17,1) -> 0
A18: 10 | J18: 10
B19: =[7]ペットボトル!$G$43 -> 0 | C19: =[7]ペットボトル!$H$43 -> 0 | D19: =SUM(B19:C19) -> 0 | E19: =[7]ペットボトル!$I$43 -> 0 | F19: =[7]ペットボトル!$J$43 -> 0 | G19: =SUM(E19:F19) -> 0 | H19: =ROUND(D19+G19,1) -> 0 | K19: =[7]ペットボトル!$R$43 -> 0 | L19: =[7]ペットボトル!$S$43 -> 0 | M19: =SUM(K19:L19) -> 0 | N19: =[7]ペットボトル!$T$43 -> 0 | O19: =[7]ペットボトル!$U$43 -> 0 | P19: =SUM(N19:O19) -> 0 | Q19: =ROUND(M19+P19,1) -> 0
A20: 11 | J20: 11
B21: =[8]ペットボトル!$G$43 -> 0 | C21: =[8]ペットボトル!$H$43 -> 0 | D21: =SUM(B21:C21) -> 0 | E21: =[8]ペットボトル!$I$43 -> 0 | F21: =[8]ペットボトル!$J$43 -> 0 | G21: =SUM(E21:F21) -> 0 | H21: =ROUND(D21+G21,1) -> 0 | K21: =[8]ペットボトル!$R$43 -> 0 | L21: =[8]ペットボトル!$S$43 -> 0 | M21: =SUM(K21:L21) -> 0 | N21: =[8]ペットボトル!$T$43 -> 0 | O21: =[8]ペットボトル!$U$43 -> 0 | P21: =SUM(N21:O21) -> 0 | Q21: =ROUND(M21+P21,1) -> 0
A22: 12 | J22: 12
B23: =[9]ペットボトル!$G$43 -> 0 | C23: =[9]ペットボトル!$H$43 -> 0 | D23: =SUM(B23:C23) -> 0 | E23: =[9]ペットボトル!$I$43 -> 0 | F23: =[9]ペットボトル!$J$43 -> 0 | G23: =SUM(E23:F23) -> 0 | H23: =ROUND(D23+G23,1) -> 0 | K23: =[9]ペットボトル!$R$43 -> 0 | L23: =[9]ペットボトル!$S$43 -> 0 | M23: =SUM(K23:L23) -> 0 | N23: =[9]ペットボトル!$T$43 -> 0 | O23: =[9]ペットボトル!$U$43 -> 0 | P23: =SUM(N23:O23) -> 0 | Q23: =ROUND(M23+P23,1) -> 0
A24: 1 | J24: 1
B25: =[10]ペットボトル!$G$43 -> 0 | C25: =[10]ペットボトル!$H$43 -> 0 | D25: =SUM(B25:C25) -> 0 | E25: =[10]ペットボトル!$I$43 -> 0 | F25: =[10]ペットボトル!$J$43 -> 0 | G25: =SUM(E25:F25) -> 0 | H25: =ROUND(D25+G25,1) -> 0 | K25: =[10]ペットボトル!$R$43 -> 0 | L25: =[10]ペットボトル!$S$43 -> 0 | M25: =SUM(K25:L25) -> 0 | N25: =[10]ペットボトル!$T$43 -> 0 | O25: =[10]ペットボトル!$U$43 -> 0 | P25: =SUM(N25:O25) -> 0 | Q25: =ROUND(M25+P25,1) -> 0
A26: 2 | J26: 2
B27: =[11]ペットボトル!$G$43 -> 0 | C27: =[11]ペットボトル!$H$43 -> 0 | D27: =SUM(B27:C27) -> 0 | E27: =[11]ペットボトル!$I$43 -> 0 | F27: =[11]ペットボトル!$J$43 -> 0 | G27: =SUM(E27:F27) -> 0 | H27: =ROUND(D27+G27,1) -> 0 | K27: =[11]ペットボトル!$R$43 -> 0 | L27: =[11]ペットボトル!$S$43 -> 0 | M27: =SUM(K27:L27) -> 0 | N27: =[11]ペットボトル!$T$43 -> 0 | O27: =[11]ペットボトル!$U$43 -> 0 | P27: =SUM(N27:O27) -> 0 | Q27: =ROUND(M27+P27,1) -> 0
A28: 3 | J28: 3
B29: =[12]ペットボトル!$G$43 -> 0 | C29: =[12]ペットボトル!$H$43 -> 0 | D29: =SUM(B29:C29) -> 0 | E29: =[12]ペットボトル!$I$43 -> 0 | F29: =[12]ペットボトル!$J$43 -> 0 | G29: =SUM(E29:F29) -> 0 | H29: =ROUND(D29+G29,1) -> 0 | K29: =[12]ペットボトル!$R$43 -> 0 | L29: =[12]ペットボトル!$S$43 -> 0 | M29: =SUM(K29:L29) -> 0 | N29: =[12]ペットボトル!$T$43 -> 0 | O29: =[12]ペットボトル!$U$43 -> 0 | P29: =SUM(N29:O29) -> 0 | Q29: =ROUND(M29+P29,1) -> 0
A31: 合計 | J31: 合計
B32: =SUM(B7+B9+B11+B13+B15+B17+B19+B21+B23+B25+B27+B29) -> 0 | C32: =SUM(C7+C9+C11+C13+C15+C17+C19+C21+C23+C25+C27+C29) -> 0 | D32: =SUM(D7+D9+D11+D13+D15+D17+D19+D21+D23+D25+D27+D29) -> 0 | E32: =SUM(E7+E9+E11+E13+E15+E17+E19+E21+E23+E25+E27+E29) -> 0 | F32: =SUM(F7+F9+F11+F13+F15+F17+F19+F21+F23+F25+F27+F29) -> 0 | G32: =SUM(G7+G9+G11+G13+G15+G17+G19+G21+G23+G25+G27+G29) -> 0 | H32: =SUM(H7+H9+H11+H13+H15+H17+H19+H21+H23+H25+H27+H29) -> 0 | K32: =SUM(K7+K9+K11+K13+K15+K17+K19+K21+K23+K25+K27+K29) -> 0 | L32: =SUM(L7+L9+L11+L13+L15+L17+L19+L21+L23+L25+L27+L29) -> 0 | M32: =SUM(M7+M9+M11+M13+M15+M17+M19+M21+M23+M25+M27+M29) -> 0 | N32: =SUM(N7+N9+N11+N13+N15+N17+N19+N21+N23+N25+N27+N29) -> 0 | O32: =SUM(O7+O9+O11+O13+O15+O17+O19+O21+O23+O25+O27+O29) -> 0 | P32: =SUM(P7+P9+P11+P13+P15+P17+P19+P21+P23+P25+P27+P29) -> 0 | Q32: =SUM(Q6:Q29) -> 0

Sheet 4-6
A1: ="令和"&'[1]A-1'!$E$9-2018&"年度 一般廃棄物最終処分（埋立）地区別集計表 【第4－6表】" -> 令和9年度 一般廃棄物最終処分（埋立）地区別集計表 【第4－6表】
B3: 【収集紙類】 | H3: 単位：トン | J3: 【木くず埋立】 | P3: 単位：トン | R3: 【道路・海岸清掃搬入埋立】 | X3: 単位：トン
A5: 月別 | B5: 鬼 脇 | C5: 鴛 泊 | D5: 利尻富士計 | E5: 仙法志 | F5: 沓 形 | G5: 利尻計 | H5: 合 計 | I5: 月別 | J5: 鬼 脇 | K5: 鴛 泊 | L5: 利尻富士計 | M5: 仙法志 | N5: 沓 形 | O5: 利尻計 | P5: 合 計 | Q5: 月別 | R5: 鬼 脇 | S5: 鴛 泊 | T5: 利尻富士計 | U5: 仙法志 | V5: 沓 形 | W5: 利尻計 | X5: 合 計
A6: 4 | I6: 4 | Q6: 4
B7: =[1]紙類!$M$43 -> 0 | C7: =[1]紙類!$N$43 -> 0 | D7: =SUM(B7:C7) -> 0 | E7: =[1]紙類!$O$43 -> 0 | F7: =[1]紙類!$P$43 -> 0 | G7: =SUM(E7:F7) -> 0 | H7: =ROUND(D7+G7,1) -> 0 | J7: =[1]不燃・木くず・海岸清掃!$L$43 -> 0 | K7: =[1]不燃・木くず・海岸清掃!$M$43 -> 0 | L7: =SUM(J7:K7) -> 0 | M7: =[1]不燃・木くず・海岸清掃!$N$43 -> 0 | N7: =[1]不燃・木くず・海岸清掃!$O$43 -> 0 | O7: =SUM(M7:N7) -> 0 | P7: =ROUND(L7+O7,1) -> 0 | R7: =[1]不燃・木くず・海岸清掃!$V$43 -> 0 | S7: =[1]不燃・木くず・海岸清掃!$W$43 -> 0 | T7: =SUM(R7:S7) -> 0 | U7: =[1]不燃・木くず・海岸清掃!$X$43 -> 0 | V7: =[1]不燃・木くず・海岸清掃!$Y$43 -> 0 | W7: =SUM(U7:V7) -> 0 | X7: =ROUND(T7+W7,1) -> 0
A8: 5 | I8: 5 | Q8: 5
B9: =[2]紙類!$M$43 -> 0 | C9: =[2]紙類!$N$43 -> 0 | D9: =SUM(B9:C9) -> 0 | E9: =[2]紙類!$O$43 -> 0 | F9: =[2]紙類!$P$43 -> 0 | G9: =SUM(E9:F9) -> 0 | H9: =ROUND(D9+G9,1) -> 0 | J9: =[2]不燃・木くず・海岸清掃!$L$43 -> 0 | K9: =[2]不燃・木くず・海岸清掃!$M$43 -> 0 | L9: =SUM(J9:K9) -> 0 | M9: =[2]不燃・木くず・海岸清掃!$N$43 -> 0 | N9: =[2]不燃・木くず・海岸清掃!$O$43 -> 0 | O9: =SUM(M9:N9) -> 0 | P9: =ROUND(L9+O9,1) -> 0 | R9: =[2]不燃・木くず・海岸清掃!$V$43 -> 0 | S9: =[2]不燃・木くず・海岸清掃!$W$43 -> 0 | T9: =SUM(R9:S9) -> 0 | U9: =[2]不燃・木くず・海岸清掃!$X$43 -> 0 | V9: =[2]不燃・木くず・海岸清掃!$Y$43 -> 0 | W9: =SUM(U9:V9) -> 0 | X9: =ROUND(T9+W9,1) -> 0
A10: 6 | I10: 6 | Q10: 6
B11: =[3]紙類!$M$43 -> 0 | C11: =[3]紙類!$N$43 -> 0 | D11: =SUM(B11:C11) -> 0 | E11: =[3]紙類!$O$43 -> 0 | F11: =[3]紙類!$P$43 -> 0 | G11: =SUM(E11:F11) -> 0 | H11: =ROUND(D11+G11,1) -> 0 | J11: =[3]不燃・木くず・海岸清掃!$L$43 -> 0 | K11: =[3]不燃・木くず・海岸清掃!$M$43 -> 0 | L11: =SUM(J11:K11) -> 0 | M11: =[3]不燃・木くず・海岸清掃!$N$43 -> 0 | N11: =[3]不燃・木くず・海岸清掃!$O$43 -> 0 | O11: =SUM(M11:N11) -> 0 | P11: =ROUND(L11+O11,1) -> 0 | R11: =[3]不燃・木くず・海岸清掃!$V$43 -> 0 | S11: =[3]不燃・木くず・海岸清掃!$W$43 -> 0 | T11: =SUM(R11:S11) -> 0 | U11: =[3]不燃・木くず・海岸清掃!$X$43 -> 0 | V11: =[3]不燃・木くず・海岸清掃!$Y$43 -> 0 | W11: =SUM(U11:V11) -> 0 | X11: =ROUND(T11+W11,1) -> 0
A12: 7 | I12: 7 | Q12: 7
B13: =[4]紙類!$M$43 -> 0 | C13: =[4]紙類!$N$43 -> 0 | D13: =SUM(B13:C13) -> 0 | E13: =[4]紙類!$O$43 -> 0 | F13: =[4]紙類!$P$43 -> 0 | G13: =SUM(E13:F13) -> 0 | H13: =ROUND(D13+G13,1) -> 0 | J13: =[4]不燃・木くず・海岸清掃!$L$43 -> 0 | K13: =[4]不燃・木くず・海岸清掃!$M$43 -> 0 | L13: =SUM(J13:K13) -> 0 | M13: =[4]不燃・木くず・海岸清掃!$N$43 -> 0 | N13: =[4]不燃・木くず・海岸清掃!$O$43 -> 0 | O13: =SUM(M13:N13) -> 0 | P13: =ROUND(L13+O13,1) -> 0 | R13: =[4]不燃・木くず・海岸清掃!$V$43 -> 0 | S13: =[4]不燃・木くず・海岸清掃!$W$43 -> 0 | T13: =SUM(R13:S13) -> 0 | U13: =[4]不燃・木くず・海岸清掃!$X$43 -> 0 | V13: =[4]不燃・木くず・海岸清掃!$Y$43 -> 0 | W13: =SUM(U13:V13) -> 0 | X13: =ROUND(T13+W13,1) -> 0
A14: 8 | I14: 8 | Q14: 8
B15: =[5]紙類!$M$43 -> 0 | C15: =[5]紙類!$N$43 -> 0 | D15: =SUM(B15:C15) -> 0 | E15: =[5]紙類!$O$43 -> 0 | F15: =[5]紙類!$P$43 -> 0 | G15: =SUM(E15:F15) -> 0 | H15: =ROUND(D15+G15,1) -> 0 | J15: =[5]不燃・木くず・海岸清掃!$L$43 -> 0 | K15: =[5]不燃・木くず・海岸清掃!$M$43 -> 0 | L15: =SUM(J15:K15) -> 0 | M15: =[5]不燃・木くず・海岸清掃!$N$43 -> 0 | N15: =[5]不燃・木くず・海岸清掃!$O$43 -> 0 | O15: =SUM(M15:N15) -> 0 | P15: =ROUND(L15+O15,1) -> 0 | R15: =[5]不燃・木くず・海岸清掃!$V$43 -> 0 | S15: =[5]不燃・木くず・海岸清掃!$W$43 -> 0 | T15: =SUM(R15:S15) -> 0 | U15: =[5]不燃・木くず・海岸清掃!$X$43 -> 0 | V15: =[5]不燃・木くず・海岸清掃!$Y$43 -> 0 | W15: =SUM(U15:V15) -> 0 | X15: =ROUND(T15+W15,1) -> 0
A16: 9 | I16: 9 | Q16: 9
B17: =[6]紙類!$M$43 -> 0 | C17: =[6]紙類!$N$43 -> 0 | D17: =SUM(B17:C17) -> 0 | E17: =[6]紙類!$O$43 -> 0 | F17: =[6]紙類!$P$43 -> 0 | G17: =SUM(E17:F17) -> 0 | H17: =ROUND(D17+G17,1) -> 0 | J17: =[6]不燃・木くず・海岸清掃!$L$43 -> 0 | K17: =[6]不燃・木くず・海岸清掃!$M$43 -> 0 | L17: =SUM(J17:K17) -> 0 | M17: =[6]不燃・木くず・海岸清掃!$N$43 -> 0 | N17: =[6]不燃・木くず・海岸清掃!$O$43 -> 0 | O17: =SUM(M17:N17) -> 0 | P17: =ROUND(L17+O17,1) -> 0 | R17: =[6]不燃・木くず・海岸清掃!$V$43 -> 0 | S17: =[6]不燃・木くず・海岸清掃!$W$43 -> 0 | T17: =SUM(R17:S17) -> 0 | U17: =[6]不燃・木くず・海岸清掃!$X$43 -> 0 | V17: =[6]不燃・木くず・海岸清掃!$Y$43 -> 0 | W17: =SUM(U17:V17) -> 0 | X17: =ROUND(T17+W17,1) -> 0
A18: 10 | I18: 10 | Q18: 10
B19: =[7]紙類!$M$43 -> 0 | C19: =[7]紙類!$N$43 -> 0 | D19: =SUM(B19:C19) -> 0 | E19: =[7]紙類!$O$43 -> 0 | F19: =[7]紙類!$P$43 -> 0 | G19: =SUM(E19:F19) -> 0 | H19: =ROUND(D19+G19,1) -> 0 | J19: =[7]不燃・木くず・海岸清掃!$L$43 -> 0 | K19: =[7]不燃・木くず・海岸清掃!$M$43 -> 0 | L19: =SUM(J19:K19) -> 0 | M19: =[7]不燃・木くず・海岸清掃!$N$43 -> 0 | N19: =[7]不燃・木くず・海岸清掃!$O$43 -> 0 | O19: =SUM(M19:N19) -> 0 | P19: =ROUND(L19+O19,1) -> 0 | R19: =[7]不燃・木くず・海岸清掃!$V$43 -> 0 | S19: =[7]不燃・木くず・海岸清掃!$W$43 -> 0 | T19: =SUM(R19:S19) -> 0 | U19: =[7]不燃・木くず・海岸清掃!$X$43 -> 0 | V19: =[7]不燃・木くず・海岸清掃!$Y$43 -> 0 | W19: =SUM(U19:V19) -> 0 | X19: =ROUND(T19+W19,1) -> 0
A20: 11 | I20: 11 | Q20: 11
B21: =[8]紙類!$M$43 -> 0 | C21: =[8]紙類!$N$43 -> 0 | D21: =SUM(B21:C21) -> 0 | E21: =[8]紙類!$O$43 -> 0 | F21: =[8]紙類!$P$43 -> 0 | G21: =SUM(E21:F21) -> 0 | H21: =ROUND(D21+G21,1) -> 0 | J21: =[8]不燃・木くず・海岸清掃!$L$43 -> 0 | K21: =[8]不燃・木くず・海岸清掃!$M$43 -> 0 | L21: =SUM(J21:K21) -> 0 | M21: =[8]不燃・木くず・海岸清掃!$N$43 -> 0 | N21: =[8]不燃・木くず・海岸清掃!$O$43 -> 0 | O21: =SUM(M21:N21) -> 0 | P21: =ROUND(L21+O21,1) -> 0 | R21: =[8]不燃・木くず・海岸清掃!$V$43 -> 0 | S21: =[8]不燃・木くず・海岸清掃!$W$43 -> 0 | T21: =SUM(R21:S21) -> 0 | U21: =[8]不燃・木くず・海岸清掃!$X$43 -> 0 | V21: =[8]不燃・木くず・海岸清掃!$Y$43 -> 0 | W21: =SUM(U21:V21) -> 0 | X21: =ROUND(T21+W21,1) -> 0
A22: 12 | I22: 12 | Q22: 12
B23: =[9]紙類!$M$43 -> 0 | C23: =[9]紙類!$N$43 -> 0 | D23: =SUM(B23:C23) -> 0 | E23: =[9]紙類!$O$43 -> 0 | F23: =[9]紙類!$P$43 -> 0 | G23: =SUM(E23:F23) -> 0 | H23: =ROUND(D23+G23,1) -> 0 | J23: =[9]不燃・木くず・海岸清掃!$L$43 -> 0 | K23: =[9]不燃・木くず・海岸清掃!$M$43 -> 0 | L23: =SUM(J23:K23) -> 0 | M23: =[9]不燃・木くず・海岸清掃!$N$43 -> 0 | N23: =[9]不燃・木くず・海岸清掃!$O$43 -> 0 | O23: =SUM(M23:N23) -> 0 | P23: =ROUND(L23+O23,1) -> 0 | R23: =[9]不燃・木くず・海岸清掃!$V$43 -> 0 | S23: =[9]不燃・木くず・海岸清掃!$W$43 -> 0 | T23: =SUM(R23:S23) -> 0 | U23: =[9]不燃・木くず・海岸清掃!$X$43 -> 0 | V23: =[9]不燃・木くず・海岸清掃!$Y$43 -> 0 | W23: =SUM(U23:V23) -> 0 | X23: =ROUND(T23+W23,1) -> 0
A24: 1 | I24: 1 | Q24: 1
B25: =[10]紙類!$M$43 -> 0 | C25: =[10]紙類!$N$43 -> 0 | D25: =SUM(B25:C25) -> 0 | E25: =[10]紙類!$O$43 -> 0 | F25: =[10]紙類!$P$43 -> 0 | G25: =SUM(E25:F25) -> 0 | H25: =ROUND(D25+G25,1) -> 0 | J25: =[10]不燃・木くず・海岸清掃!$L$43 -> 0 | K25: =[10]不燃・木くず・海岸清掃!$M$43 -> 0 | L25: =SUM(J25:K25) -> 0 | M25: =[10]不燃・木くず・海岸清掃!$N$43 -> 0 | N25: =[10]不燃・木くず・海岸清掃!$O$43 -> 0 | O25: =SUM(M25:N25) -> 0 | P25: =ROUND(L25+O25,1) -> 0 | R25: =[10]不燃・木くず・海岸清掃!$V$43 -> 0 | S25: =[10]不燃・木くず・海岸清掃!$W$43 -> 0 | T25: =SUM(R25:S25) -> 0 | U25: =[10]不燃・木くず・海岸清掃!$X$43 -> 0 | V25: =[10]不燃・木くず・海岸清掃!$Y$43 -> 0 | W25: =SUM(U25:V25) -> 0 | X25: =ROUND(T25+W25,1) -> 0
A26: 2 | I26: 2 | Q26: 2
B27: =[11]紙類!$M$43 -> 0 | C27: =[11]紙類!$N$43 -> 0 | D27: =SUM(B27:C27) -> 0 | E27: =[11]紙類!$O$43 -> 0 | F27: =[11]紙類!$P$43 -> 0 | G27: =SUM(E27:F27) -> 0 | H27: =ROUND(D27+G27,1) -> 0 | J27: =[11]不燃・木くず・海岸清掃!$L$43 -> 0 | K27: =[11]不燃・木くず・海岸清掃!$M$43 -> 0 | L27: =SUM(J27:K27) -> 0 | M27: =[11]不燃・木くず・海岸清掃!$N$43 -> 0 | N27: =[11]不燃・木くず・海岸清掃!$O$43 -> 0 | O27: =SUM(M27:N27) -> 0 | P27: =ROUND(L27+O27,1) -> 0 | R27: =[11]不燃・木くず・海岸清掃!$V$43 -> 0 | S27: =[11]不燃・木くず・海岸清掃!$W$43 -> 0 | T27: =SUM(R27:S27) -> 0 | U27: =[11]不燃・木くず・海岸清掃!$X$43 -> 0 | V27: =[11]不燃・木くず・海岸清掃!$Y$43 -> 0 | W27: =SUM(U27:V27) -> 0 | X27: =ROUND(T27+W27,1) -> 0
A28: 3 | I28: 3 | Q28: 3
B29: =[12]紙類!$M$43 -> 0 | C29: =[12]紙類!$N$43 -> 0 | D29: =SUM(B29:C29) -> 0 | E29: =[12]紙類!$O$43 -> 0 | F29: =[12]紙類!$P$43 -> 0 | G29: =SUM(E29:F29) -> 0 | H29: =ROUND(D29+G29,1) -> 0 | J29: =[12]不燃・木くず・海岸清掃!$L$43 -> 0 | K29: =[12]不燃・木くず・海岸清掃!$M$43 -> 0 | L29: =SUM(J29:K29) -> 0 | M29: =[12]不燃・木くず・海岸清掃!$N$43 -> 0 | N29: =[12]不燃・木くず・海岸清掃!$O$43 -> 0 | O29: =SUM(M29:N29) -> 0 | P29: =ROUND(L29+O29,1) -> 0 | R29: =[12]不燃・木くず・海岸清掃!$V$43 -> 0 | S29: =[12]不燃・木くず・海岸清掃!$W$43 -> 0 | T29: =SUM(R29:S29) -> 0 | U29: =[12]不燃・木くず・海岸清掃!$X$43 -> 0 | V29: =[12]不燃・木くず・海岸清掃!$Y$43 -> 0 | W29: =SUM(U29:V29) -> 0 | X29: =ROUND(T29+W29,1) -> 0
A31: 合計 | I31: 合計 | Q31: 合計
B32: =SUM(B7+B9+B11+B13+B15+B17+B19+B21+B23+B25+B27+B29) -> 0 | C32: =SUM(C7+C9+C11+C13+C15+C17+C19+C21+C23+C25+C27+C29) -> 0 | D32: =SUM(D7+D9+D11+D13+D15+D17+D19+D21+D23+D25+D27+D29) -> 0 | E32: =SUM(E7+E9+E11+E13+E15+E17+E19+E21+E23+E25+E27+E29) -> 0 | F32: =SUM(F7+F9+F11+F13+F15+F17+F19+F21+F23+F25+F27+F29) -> 0 | G32: =SUM(G7+G9+G11+G13+G15+G17+G19+G21+G23+G25+G27+G29) -> 0 | H32: =SUM(H7+H9+H11+H13+H15+H17+H19+H21+H23+H25+H27+H29) -> 0 | J32: =SUM(J7+J9+J11+J13+J15+J17+J19+J21+J23+J25+J27+J29) -> 0 | K32: =SUM(K7+K9+K11+K13+K15+K17+K19+K21+K23+K25+K27+K29) -> 0 | L32: =SUM(L7+L9+L11+L13+L15+L17+L19+L21+L23+L25+L27+L29) -> 0 | M32: =SUM(M7+M9+M11+M13+M15+M17+M19+M21+M23+M25+M27+M29) -> 0 | N32: =SUM(N7+N9+N11+N13+N15+N17+N19+N21+N23+N25+N27+N29) -> 0 | O32: =SUM(O7+O9+O11+O13+O15+O17+O19+O21+O23+O25+O27+O29) -> 0 | P32: =SUM(P6:P29) -> 0 | R32: =SUM(R7+R9+R11+R13+R15+R17+R19+R21+R23+R25+R27+R29) -> 0 | S32: =SUM(S7+S9+S11+S13+S15+S17+S19+S21+S23+S25+S27+S29) -> 0 | T32: =SUM(T7+T9+T11+T13+T15+T17+T19+T21+T23+T25+T27+T29) -> 0 | U32: =SUM(U7+U9+U11+U13+U15+U17+U19+U21+U23+U25+U27+U29) -> 0 | V32: =SUM(V7+V9+V11+V13+V15+V17+V19+V21+V23+V25+V27+V29) -> 0 | W32: =SUM(W7+W9+W11+W13+W15+W17+W19+W21+W23+W25+W27+W29) -> 0 | X32: =SUM(X6:X29) -> 0

Sheet 4-7
A1: ="令和"&'[1]A-1'!$E$9-2018&"年度 一般廃棄物最終処分（埋立）地区別集計表 【第4－7表】" -> 令和9年度 一般廃棄物最終処分（埋立）地区別集計表 【第4－7表】
B3: 【収集粗大ごみ】 | K3: 【直搬粗大ごみ】 | Q3: 単位：トン
A5: 月別 | B5: 鬼 脇 | C5: 鴛 泊 | D5: 利尻富士計 | E5: 仙法志 | F5: 沓 形 | G5: 利尻計 | H5: 合 計 | J5: 月別 | K5: 鬼 脇 | L5: 鴛 泊 | M5: 利尻富士計 | N5: 仙法志 | O5: 沓 形 | P5: 利尻計 | Q5: 合 計
A6: 4 | J6: 4
B7: =[1]粗大!$L$43 -> 0 | C7: =[1]粗大!$M$43 -> 0 | D7: =SUM(B7:C7) -> 0 | E7: =[1]粗大!$N$43 -> 0 | F7: =[1]粗大!$O$43 -> 0 | G7: =SUM(E7:F7) -> 0 | H7: =ROUND(D7+G7,1) -> 0 | K7: =[1]粗大!$V$43 -> 0 | L7: =[1]粗大!$W$43 -> 0 | M7: =SUM(K7:L7) -> 0 | N7: =[1]粗大!$X$43 -> 0 | O7: =[1]粗大!$Y$43 -> 0 | P7: =SUM(N7:O7) -> 0 | Q7: =ROUND(M7+P7,1) -> 0
A8: 5 | J8: 5
B9: =[2]粗大!$L$43 -> 0 | C9: =[2]粗大!$M$43 -> 0 | D9: =SUM(B9:C9) -> 0 | E9: =[2]粗大!$N$43 -> 0 | F9: =[2]粗大!$O$43 -> 0 | G9: =SUM(E9:F9) -> 0 | H9: =ROUND(D9+G9,1) -> 0 | K9: =[2]粗大!$V$43 -> 0 | L9: =[2]粗大!$W$43 -> 0 | M9: =SUM(K9:L9) -> 0 | N9: =[2]粗大!$X$43 -> 0 | O9: =[2]粗大!$Y$43 -> 0 | P9: =SUM(N9:O9) -> 0 | Q9: =ROUND(M9+P9,1) -> 0
A10: 6 | J10: 6
B11: =[3]粗大!$L$43 -> 0 | C11: =[3]粗大!$M$43 -> 0 | D11: =SUM(B11:C11) -> 0 | E11: =[3]粗大!$N$43 -> 0 | F11: =[3]粗大!$O$43 -> 0 | G11: =SUM(E11:F11) -> 0 | H11: =ROUND(D11+G11,1) -> 0 | K11: =[3]粗大!$V$43 -> 0 | L11: =[3]粗大!$W$43 -> 0 | M11: =SUM(K11:L11) -> 0 | N11: =[3]粗大!$X$43 -> 0 | O11: =[3]粗大!$Y$43 -> 0 | P11: =SUM(N11:O11) -> 0 | Q11: =ROUND(M11+P11,1) -> 0
A12: 7 | J12: 7
B13: =[4]粗大!$L$43 -> 0 | C13: =[4]粗大!$M$43 -> 0 | D13: =SUM(B13:C13) -> 0 | E13: =[4]粗大!$N$43 -> 0 | F13: =[4]粗大!$O$43 -> 0 | G13: =SUM(E13:F13) -> 0 | H13: =ROUND(D13+G13,1) -> 0 | K13: =[4]粗大!$V$43 -> 0 | L13: =[4]粗大!$W$43 -> 0 | M13: =SUM(K13:L13) -> 0 | N13: =[4]粗大!$X$43 -> 0 | O13: =[4]粗大!$Y$43 -> 0 | P13: =SUM(N13:O13) -> 0 | Q13: =ROUND(M13+P13,1) -> 0
A14: 8 | J14: 8
B15: =[5]粗大!$L$43 -> 0 | C15: =[5]粗大!$M$43 -> 0 | D15: =SUM(B15:C15) -> 0 | E15: =[5]粗大!$N$43 -> 0 | F15: =[5]粗大!$O$43 -> 0 | G15: =SUM(E15:F15) -> 0 | H15: =ROUND(D15+G15,1) -> 0 | K15: =[5]粗大!$V$43 -> 0 | L15: =[5]粗大!$W$43 -> 0 | M15: =SUM(K15:L15) -> 0 | N15: =[5]粗大!$X$43 -> 0 | O15: =[5]粗大!$Y$43 -> 0 | P15: =SUM(N15:O15) -> 0 | Q15: =ROUND(M15+P15,1) -> 0
A16: 9 | J16: 9
B17: =[6]粗大!$L$43 -> 0 | C17: =[6]粗大!$M$43 -> 0 | D17: =SUM(B17:C17) -> 0 | E17: =[6]粗大!$N$43 -> 0 | F17: =[6]粗大!$O$43 -> 0 | G17: =SUM(E17:F17) -> 0 | H17: =ROUND(D17+G17,1) -> 0 | K17: =[6]粗大!$V$43 -> 0 | L17: =[6]粗大!$W$43 -> 0 | M17: =SUM(K17:L17) -> 0 | N17: =[6]粗大!$X$43 -> 0 | O17: =[6]粗大!$Y$43 -> 0 | P17: =SUM(N17:O17) -> 0 | Q17: =ROUND(M17+P17,1) -> 0
A18: 10 | J18: 10
B19: =[7]粗大!$L$43 -> 0 | C19: =[7]粗大!$M$43 -> 0 | D19: =SUM(B19:C19) -> 0 | E19: =[7]粗大!$N$43 -> 0 | F19: =[7]粗大!$O$43 -> 0 | G19: =SUM(E19:F19) -> 0 | H19: =ROUND(D19+G19,1) -> 0 | K19: =[7]粗大!$V$43 -> 0 | L19: =[7]粗大!$W$43 -> 0 | M19: =SUM(K19:L19) -> 0 | N19: =[7]粗大!$X$43 -> 0 | O19: =[7]粗大!$Y$43 -> 0 | P19: =SUM(N19:O19) -> 0 | Q19: =ROUND(M19+P19,1) -> 0
A20: 11 | J20: 11
B21: =[8]粗大!$L$43 -> 0 | C21: =[8]粗大!$M$43 -> 0 | D21: =SUM(B21:C21) -> 0 | E21: =[8]粗大!$N$43 -> 0 | F21: =[8]粗大!$O$43 -> 0 | G21: =SUM(E21:F21) -> 0 | H21: =ROUND(D21+G21,1) -> 0 | K21: =[8]粗大!$V$43 -> 0 | L21: =[8]粗大!$W$43 -> 0 | M21: =SUM(K21:L21) -> 0 | N21: =[8]粗大!$X$43 -> 0 | O21: =[8]粗大!$Y$43 -> 0 | P21: =SUM(N21:O21) -> 0 | Q21: =ROUND(M21+P21,1) -> 0
A22: 12 | J22: 12
B23: =[9]粗大!$L$43 -> 0 | C23: =[9]粗大!$M$43 -> 0 | D23: =SUM(B23:C23) -> 0 | E23: =[9]粗大!$N$43 -> 0 | F23: =[9]粗大!$O$43 -> 0 | G23: =SUM(E23:F23) -> 0 | H23: =ROUND(D23+G23,1) -> 0 | K23: =[9]粗大!$V$43 -> 0 | L23: =[9]粗大!$W$43 -> 0 | M23: =SUM(K23:L23) -> 0 | N23: =[9]粗大!$X$43 -> 0 | O23: =[9]粗大!$Y$43 -> 0 | P23: =SUM(N23:O23) -> 0 | Q23: =ROUND(M23+P23,1) -> 0
A24: 1 | J24: 1
B25: =[10]粗大!$L$43 -> 0 | C25: =[10]粗大!$M$43 -> 0 | D25: =SUM(B25:C25) -> 0 | E25: =[10]粗大!$N$43 -> 0 | F25: =[10]粗大!$O$43 -> 0 | G25: =SUM(E25:F25) -> 0 | H25: =ROUND(D25+G25,1) -> 0 | K25: =[10]粗大!$V$43 -> 0 | L25: =[10]粗大!$W$43 -> 0 | M25: =SUM(K25:L25) -> 0 | N25: =[10]粗大!$X$43 -> 0 | O25: =[10]粗大!$Y$43 -> 0 | P25: =SUM(N25:O25) -> 0 | Q25: =ROUND(M25+P25,1) -> 0
A26: 2 | J26: 2
B27: =[11]粗大!$L$43 -> 0 | C27: =[11]粗大!$M$43 -> 0 | D27: =SUM(B27:C27) -> 0 | E27: =[11]粗大!$N$43 -> 0 | F27: =[11]粗大!$O$43 -> 0 | G27: =SUM(E27:F27) -> 0 | H27: =ROUND(D27+G27,1) -> 0 | K27: =[11]粗大!$V$43 -> 0 | L27: =[11]粗大!$W$43 -> 0 | M27: =SUM(K27:L27) -> 0 | N27: =[11]粗大!$X$43 -> 0 | O27: =[11]粗大!$Y$43 -> 0 | P27: =SUM(N27:O27) -> 0 | Q27: =ROUND(M27+P27,1) -> 0
A28: 3 | J28: 3
B29: =[12]粗大!$L$43 -> 0 | C29: =[12]粗大!$M$43 -> 0 | D29: =SUM(B29:C29) -> 0 | E29: =[12]粗大!$N$43 -> 0 | F29: =[12]粗大!$O$43 -> 0 | G29: =SUM(E29:F29) -> 0 | H29: =ROUND(D29+G29,1) -> 0 | K29: =[12]粗大!$V$43 -> 0 | L29: =[12]粗大!$W$43 -> 0 | M29: =SUM(K29:L29) -> 0 | N29: =[12]粗大!$X$43 -> 0 | O29: =[12]粗大!$Y$43 -> 0 | P29: =SUM(N29:O29) -> 0 | Q29: =ROUND(M29+P29,1) -> 0
A31: 合計 | J31: 合計
B32: =SUM(B7+B9+B11+B13+B15+B17+B19+B21+B23+B25+B27+B29) -> 0 | C32: =SUM(C7+C9+C11+C13+C15+C17+C19+C21+C23+C25+C27+C29) -> 0 | D32: =SUM(D7+D9+D11+D13+D15+D17+D19+D21+D23+D25+D27+D29) -> 0 | E32: =SUM(E7+E9+E11+E13+E15+E17+E19+E21+E23+E25+E27+E29) -> 0 | F32: =SUM(F7+F9+F11+F13+F15+F17+F19+F21+F23+F25+F27+F29) -> 0 | G32: =SUM(G7+G9+G11+G13+G15+G17+G19+G21+G23+G25+G27+G29) -> 0 | H32: =SUM(H7+H9+H11+H13+H15+H17+H19+H21+H23+H25+H27+H29) -> 0 | K32: =SUM(K7+K9+K11+K13+K15+K17+K19+K21+K23+K25+K27+K29) -> 0 | L32: =SUM(L7+L9+L11+L13+L15+L17+L19+L21+L23+L25+L27+L29) -> 0 | M32: =SUM(M7+M9+M11+M13+M15+M17+M19+M21+M23+M25+M27+M29) -> 0 | N32: =SUM(N7+N9+N11+N13+N15+N17+N19+N21+N23+N25+N27+N29) -> 0 | O32: =SUM(O7+O9+O11+O13+O15+O17+O19+O21+O23+O25+O27+O29) -> 0 | P32: =SUM(P7+P9+P11+P13+P15+P17+P19+P21+P23+P25+P27+P29) -> 0 | Q32: =SUM(Q6:Q29) -> 0

Sheet 4-8
A1: ="令和"&'[1]A-1'!$E$9-2018&"年度 一般廃棄物最終処分（埋立）地区別集計表 【第4－8表】" -> 令和9年度 一般廃棄物最終処分（埋立）地区別集計表 【第4－8表】
B3: 【一般（うに殻等）】 | I3: 【併せ産廃（動植物性）】 | P3: 【下水道汚泥】 | R3: 単位：トン
A5: 月別 | B5: 鬼 脇 | C5: 鴛 泊 | D5: 富士町計 | E5: 仙法志 | F5: 沓 形 | G5: 利尻計 | H5: 合 計 | I5: 鬼 脇 | J5: 鴛 泊 | K5: 富士町計 | L5: 仙法志 | M5: 沓 形 | N5: 利尻計 | O5: 合 計 | P5: 富士町 | Q5: 利尻町 | R5: 合 計
A6: 4
B7: =[1]産廃水産・医療・汚泥!$L$43 -> 0 | C7: =[1]産廃水産・医療・汚泥!$M$43 -> 0 | D7: =SUM(B7:C7) -> 0 | E7: =[1]産廃水産・医療・汚泥!$N$43 -> 0 | F7: =[1]産廃水産・医療・汚泥!$O$43 -> 0 | G7: =SUM(E7:F7) -> 0 | H7: =ROUND(D7+G7,1) -> 0 | I7: =[1]産廃水産・医療・汚泥!$G$43 -> 0 | J7: =[1]産廃水産・医療・汚泥!$H$43 -> 0 | K7: =SUM(I7:J7) -> 0 | L7: =[1]産廃水産・医療・汚泥!$I$43 -> 0 | M7: =[1]産廃水産・医療・汚泥!$J$43 -> 0 | N7: =SUM(L7:M7) -> 0 | O7: =ROUND(K7+N7,1) -> 0 | P7: =[1]産廃水産・医療・汚泥!$V$43 -> 0 | Q7: =[1]産廃水産・医療・汚泥!$W$43 -> 0 | R7: =SUM(P7:Q7) -> 0
A8: 5
D9: =SUM(B9:C9) -> 0 | G9: =SUM(E9:F9) -> 0 | H9: =ROUND(D9+G9,1) -> 0 | I9: =[2]産廃水産・医療・汚泥!$G$43 -> 0 | J9: =[2]産廃水産・医療・汚泥!$H$43 -> 0 | K9: =SUM(I9:J9) -> 0 | L9: =[2]産廃水産・医療・汚泥!$I$43 -> 0 | M9: =[2]産廃水産・医療・汚泥!$J$43 -> 0 | N9: =SUM(L9:M9) -> 0 | O9: =ROUND(K9+N9,1) -> 0 | P9: =[2]産廃水産・医療・汚泥!$V$43 -> 0 | Q9: =[2]産廃水産・医療・汚泥!$W$43 -> 0 | R9: =SUM(P9:Q9) -> 0
A10: 6
B11: =[3]産廃水産・医療・汚泥!$L$43 -> 0 | C11: =[3]産廃水産・医療・汚泥!$M$43 -> 0 | D11: =SUM(B11:C11) -> 0 | E11: =[3]産廃水産・医療・汚泥!$N$43 -> 0 | F11: =[3]産廃水産・医療・汚泥!$O$43 -> 0 | G11: =SUM(E11:F11) -> 0 | H11: =ROUND(D11+G11,1) -> 0 | I11: =[3]産廃水産・医療・汚泥!$G$43 -> 0 | J11: =[3]産廃水産・医療・汚泥!$H$43 -> 0 | K11: =SUM(I11:J11) -> 0 | L11: =[3]産廃水産・医療・汚泥!$I$43 -> 0 | M11: =[3]産廃水産・医療・汚泥!$J$43 -> 0 | N11: =SUM(L11:M11) -> 0 | O11: =ROUND(K11+N11,1) -> 0 | P11: =[3]産廃水産・医療・汚泥!$V$43 -> 0 | Q11: =[3]産廃水産・医療・汚泥!$W$43 -> 0 | R11: =SUM(P11:Q11) -> 0
A12: 7
B13: =[4]産廃水産・医療・汚泥!$L$43 -> 0 | C13: =[4]産廃水産・医療・汚泥!$M$43 -> 0 | D13: =SUM(B13:C13) -> 0 | E13: =[4]産廃水産・医療・汚泥!$N$43 -> 0 | F13: =[4]産廃水産・医療・汚泥!$O$43 -> 0 | G13: =SUM(E13:F13) -> 0 | H13: =ROUND(D13+G13,1) -> 0 | I13: =[4]産廃水産・医療・汚泥!$G$43 -> 0 | J13: =[4]産廃水産・医療・汚泥!$H$43 -> 0 | K13: =SUM(I13:J13) -> 0 | L13: =[4]産廃水産・医療・汚泥!$I$43 -> 0 | M13: =[4]産廃水産・医療・汚泥!$J$43 -> 0 | N13: =SUM(L13:M13) -> 0 | O13: =ROUND(K13+N13,1) -> 0 | P13: =[4]産廃水産・医療・汚泥!$V$43 -> 0 | Q13: =[4]産廃水産・医療・汚泥!$W$43 -> 0 | R13: =SUM(P13:Q13) -> 0
A14: 8
B15: =[5]産廃水産・医療・汚泥!$L$43 -> 0 | C15: =[5]産廃水産・医療・汚泥!$M$43 -> 0 | D15: =SUM(B15:C15) -> 0 | E15: =[5]産廃水産・医療・汚泥!$N$43 -> 0 | F15: =[5]産廃水産・医療・汚泥!$O$43 -> 0 | G15: =SUM(E15:F15) -> 0 | H15: =ROUND(D15+G15,1) -> 0 | I15: =[5]産廃水産・医療・汚泥!$G$43 -> 0 | J15: =[5]産廃水産・医療・汚泥!$H$43 -> 0 | K15: =SUM(I15:J15) -> 0 | L15: =[5]産廃水産・医療・汚泥!$I$43 -> 0 | M15: =[5]産廃水産・医療・汚泥!$J$43 -> 0 | N15: =SUM(L15:M15) -> 0 | O15: =ROUND(K15+N15,1) -> 0 | P15: =[5]産廃水産・医療・汚泥!$V$43 -> 0 | Q15: =[5]産廃水産・医療・汚泥!$W$43 -> 0 | R15: =SUM(P15:Q15) -> 0
A16: 9
B17: =[6]産廃水産・医療・汚泥!$L$43 -> 0 | C17: =[6]産廃水産・医療・汚泥!$M$43 -> 0 | D17: =SUM(B17:C17) -> 0 | E17: =[6]産廃水産・医療・汚泥!$N$43 -> 0 | F17: =[6]産廃水産・医療・汚泥!$O$43 -> 0 | G17: =SUM(E17:F17) -> 0 | H17: =ROUND(D17+G17,1) -> 0 | I17: =[6]産廃水産・医療・汚泥!$G$43 -> 0 | J17: =[6]産廃水産・医療・汚泥!$H$43 -> 0 | K17: =SUM(I17:J17) -> 0 | L17: =[6]産廃水産・医療・汚泥!$I$43 -> 0 | M17: =[6]産廃水産・医療・汚泥!$J$43 -> 0 | N17: =SUM(L17:M17) -> 0 | O17: =ROUND(K17+N17,1) -> 0 | P17: =[6]産廃水産・医療・汚泥!$V$43 -> 0 | Q17: =[6]産廃水産・医療・汚泥!$W$43 -> 0 | R17: =SUM(P17:Q17) -> 0
A18: 10
D19: =SUM(B19:C19) -> 0 | G19: =SUM(E19:F19) -> 0 | H19: =ROUND(D19+G19,1) -> 0 | I19: =[6]産廃水産・医療・汚泥!$G$43 -> 0 | J19: =[7]産廃水産・医療・汚泥!$H$43 -> 0 | K19: =SUM(I19:J19) -> 0 | L19: =[6]産廃水産・医療・汚泥!$I$43 -> 0 | M19: =[7]産廃水産・医療・汚泥!$J$43 -> 0 | N19: =SUM(L19:M19) -> 0 | O19: =ROUND(K19+N19,1) -> 0 | P19: =[7]産廃水産・医療・汚泥!$V$43 -> 0 | Q19: =[7]産廃水産・医療・汚泥!$W$43 -> 0 | R19: =SUM(P19:Q19) -> 0
A20: 11
D21: =SUM(B21:C21) -> 0 | G21: =SUM(E21:F21) -> 0 | H21: =ROUND(D21+G21,1) -> 0 | I21: =[8]産廃水産・医療・汚泥!$G$43 -> 0 | J21: =[8]産廃水産・医療・汚泥!$H$43 -> 0 | K21: =SUM(I21:J21) -> 0 | L21: =[6]産廃水産・医療・汚泥!$I$43 -> 0 | M21: =[8]産廃水産・医療・汚泥!$J$43 -> 0 | N21: =SUM(L21:M21) -> 0 | O21: =ROUND(K21+N21,1) -> 0 | P21: =[8]産廃水産・医療・汚泥!$V$43 -> 0 | Q21: =[8]産廃水産・医療・汚泥!$W$43 -> 0 | R21: =SUM(P21:Q21) -> 0
A22: 12
D23: =SUM(B23:C23) -> 0 | G23: =SUM(E23:F23) -> 0 | H23: =ROUND(D23+G23,1) -> 0 | I23: =[6]産廃水産・医療・汚泥!$G$43 -> 0 | J23: =[9]産廃水産・医療・汚泥!$H$43 -> 0 | K23: =SUM(I23:J23) -> 0 | L23: =[6]産廃水産・医療・汚泥!$I$43 -> 0 | M23: =[9]産廃水産・医療・汚泥!$J$43 -> 0 | N23: =SUM(L23:M23) -> 0 | O23: =ROUND(K23+N23,1) -> 0 | P23: =[9]産廃水産・医療・汚泥!$V$43 -> 0 | Q23: =[9]産廃水産・医療・汚泥!$W$43 -> 0 | R23: =SUM(P23:Q23) -> 0
A24: 1
D25: =SUM(B25:C25) -> 0 | G25: =SUM(E25:F25) -> 0 | H25: =ROUND(D25+G25,1) -> 0 | I25: =[6]産廃水産・医療・汚泥!$G$43 -> 0 | J25: =[10]産廃水産・医療・汚泥!$H$43 -> 0 | K25: =SUM(I25:J25) -> 0 | L25: =[6]産廃水産・医療・汚泥!$I$43 -> 0 | M25: =[10]産廃水産・医療・汚泥!$J$43 -> 0 | N25: =SUM(L25:M25) -> 0 | O25: =ROUND(K25+N25,1) -> 0 | P25: =[10]産廃水産・医療・汚泥!$V$43 -> 0 | Q25: =[10]産廃水産・医療・汚泥!$W$43 -> 0 | R25: =SUM(P25:Q25) -> 0
A26: 2
D27: =SUM(B27:C27) -> 0 | G27: =SUM(E27:F27) -> 0 | H27: =ROUND(D27+G27,1) -> 0 | I27: =[6]産廃水産・医療・汚泥!$G$43 -> 0 | J27: =[11]産廃水産・医療・汚泥!$H$43 -> 0 | K27: =SUM(I27:J27) -> 0 | L27: =[6]産廃水産・医療・汚泥!$I$43 -> 0 | M27: =[11]産廃水産・医療・汚泥!$J$43 -> 0 | N27: =SUM(L27:M27) -> 0 | O27: =ROUND(K27+N27,1) -> 0 | P27: =[11]産廃水産・医療・汚泥!$V$43 -> 0 | Q27: =[11]産廃水産・医療・汚泥!$W$43 -> 0 | R27: =SUM(P27:Q27) -> 0
A28: 3
D29: =SUM(B29:C29) -> 0 | G29: =SUM(E29:F29) -> 0 | H29: =ROUND(D29+G29,1) -> 0 | I29: =[6]産廃水産・医療・汚泥!$G$43 -> 0 | J29: =[12]産廃水産・医療・汚泥!$H$43 -> 0 | K29: =SUM(I29:J29) -> 0 | L29: =[6]産廃水産・医療・汚泥!$I$43 -> 0 | M29: =[12]産廃水産・医療・汚泥!$J$43 -> 0 | N29: =SUM(L29:M29) -> 0 | O29: =ROUND(K29+N29,1) -> 0 | P29: =[12]産廃水産・医療・汚泥!$V$43 -> 0 | Q29: =[12]産廃水産・医療・汚泥!$W$43 -> 0 | R29: =SUM(P29:Q29) -> 0
A31: 合計
B32: =SUM(B7+B9+B11+B13+B15+B17+B19+B21+B23+B25+B27+B29) -> 0 | C32: =SUM(C7+C9+C11+C13+C15+C17+C19+C21+C23+C25+C27+C29) -> 0 | D32: =SUM(D7+D9+D11+D13+D15+D17+D19+D21+D23+D25+D27+D29) -> 0 | E32: =SUM(E7+E9+E11+E13+E15+E17+E19+E21+E23+E25+E27+E29) -> 0 | F32: =SUM(F7+F9+F11+F13+F15+F17+F19+F21+F23+F25+F27+F29) -> 0 | G32: =SUM(G7+G9+G11+G13+G15+G17+G19+G21+G23+G25+G27+G29) -> 0 | H32: =SUM(H7+H9+H11+H13+H15+H17+H19+H21+H23+H25+H27+H29) -> 0 | I32: =SUM(I7+I9+I11+I13+I15+I17+I19+I21+I23+I25+I27+I29) -> 0 | ... R32: =SUM(R7+R9+R11+R13+R15+R17+R19+R21+R23+R25+R27+R29) -> 0

Sheet 5-1
A1: ="令和"&'[1]A-1'!$E$9-2018&"年度 一般廃棄物(有価物)発生地区別集計表 【第5 - 1表】" -> 令和9年度 一般廃棄物(有価物)発生地区別集計表 【第5 - 1表】
B3: 【ペットボトル収集・搬入時】 | J3: 【缶類収集・搬入時】 | R3: 【紙類収集・搬入時】 | X3: 単位：トン
A5: 月別 | B5: 鬼 脇 | C5: 鴛 泊 | D5: 富士計 | E5: 仙法志 | F5: 沓 形 | G5: 利尻計 | H5: 合 計 | I5: 月別 | J5: 鬼 脇 | K5: 鴛 泊 | L5: 富士計 | M5: 仙法志 | N5: 沓 形 | O5: 利尻計 | P5: 合 計 | Q5: 月別 | R5: 鬼 脇 | S5: 鴛 泊 | T5: 富士計 | U5: 仙法志 | V5: 沓 形 | W5: 利尻計 | X5: 合 計
A6: 4 | I6: 4 | Q6: 4
B7: =[1]ペットボトル!$B$43 +[1]ペットボトル!$M$43 -> 0 | C7: =[1]ペットボトル!$C$43 +[1]ペットボトル!$N$43 -> 0 | D7: =SUM(B7:C7) -> 0 | E7: =[1]ペットボトル!$D$43 +[1]ペットボトル!$O$43 -> 0 | F7: =[1]ペットボトル!$E$43 +[1]ペットボトル!$P$43 -> 0 | G7: =SUM(E7:F7) -> 0 | H7: =SUM(D7+G7) -> 0 | J7: =[1]缶類!$B$43 +[1]缶類!$M$43 -> 0 | K7: =[1]缶類!$C$43 +[1]缶類!$N$43 -> 0 | L7: =SUM(J7:K7) -> 0 | M7: =[1]缶類!$D$43 +[1]缶類!$O$43 -> 0 | N7: =[1]缶類!$E$43 +[1]缶類!$P$43 -> 0 | O7: =SUM(M7:N7) -> 0 | P7: =ROUND(L7+O7,1) -> 0 | R7: =[1]紙類!$B$43 -> 0 | S7: =[1]紙類!$C$43 -> 0 | T7: =SUM(R7:S7) -> 0 | U7: =[1]紙類!$D$43 -> 0 | V7: =[1]紙類!$E$43 -> 0 | W7: =SUM(U7:V7) -> 0 | X7: =ROUND(T7+W7,1) -> 0
A8: 5 | I8: 5 | Q8: 5
B9: =[2]ペットボトル!$B$43 +[2]ペットボトル!$M$43 -> 0 | C9: =[2]ペットボトル!$C$43 +[2]ペットボトル!$N$43 -> 0 | D9: =SUM(B9:C9) -> 0 | E9: =[2]ペットボトル!$D$43 +[2]ペットボトル!$O$43 -> 0 | F9: =[2]ペットボトル!$E$43 +[2]ペットボトル!$P$43 -> 0 | G9: =SUM(E9:F9) -> 0 | H9: =SUM(D9+G9) -> 0 | J9: =[2]缶類!$B$43 +[2]缶類!$M$43 -> 0 | K9: =[2]缶類!$C$43 +[2]缶類!$N$43 -> 0 | L9: =SUM(J9:K9) -> 0 | M9: =[2]缶類!$D$43 +[2]缶類!$O$43 -> 0 | N9: =[2]缶類!$E$43 +[2]缶類!$P$43 -> 0 | O9: =SUM(M9:N9) -> 0 | P9: =ROUND(L9+O9,1) -> 0 | R9: =[2]紙類!$B$43 -> 0 | S9: =[2]紙類!$C$43 -> 0 | T9: =SUM(R9:S9) -> 0 | U9: =[2]紙類!$D$43 -> 0 | V9: =[2]紙類!$E$43 -> 0 | W9: =SUM(U9:V9) -> 0 | X9: =ROUND(T9+W9,1) -> 0
A10: 6 | I10: 6 | Q10: 6
B11: =[3]ペットボトル!$B$43 +[3]ペットボトル!$M$43 -> 0 | C11: =[3]ペットボトル!$C$43 +[3]ペットボトル!$N$43 -> 0 | D11: =SUM(B11:C11) -> 0 | E11: =[3]ペットボトル!$D$43 +[3]ペットボトル!$O$43 -> 0 | F11: =[3]ペットボトル!$E$43 +[3]ペットボトル!$P$43 -> 0 | G11: =SUM(E11:F11) -> 0 | H11: =SUM(D11+G11) -> 0 | J11: =[3]缶類!$B$43 +[3]缶類!$M$43 -> 0 | K11: =[3]缶類!$C$43 +[3]缶類!$N$43 -> 0 | L11: =SUM(J11:K11) -> 0 | M11: =[3]缶類!$D$43 +[3]缶類!$O$43 -> 0 | N11: =[3]缶類!$E$43 +[3]缶類!$P$43 -> 0 | O11: =SUM(M11:N11) -> 0 | P11: =ROUND(L11+O11,1) -> 0 | R11: =[3]紙類!$B$43 -> 0 | S11: =[3]紙類!$C$43 -> 0 | T11: =SUM(R11:S11) -> 0 | U11: =[3]紙類!$D$43 -> 0 | V11: =[3]紙類!$E$43 -> 0 | W11: =SUM(U11:V11) -> 0 | X11: =ROUND(T11+W11,1) -> 0
A12: 7 | I12: 7 | Q12: 7
B13: =[4]ペットボトル!$B$43 +[4]ペットボトル!$M$43 -> 0 | C13: =[4]ペットボトル!$C$43 +[4]ペットボトル!$N$43 -> 0 | D13: =SUM(B13:C13) -> 0 | E13: =[4]ペットボトル!$D$43 +[4]ペットボトル!$O$43 -> 0 | F13: =[4]ペットボトル!$E$43 +[4]ペットボトル!$P$43 -> 0 | G13: =SUM(E13:F13) -> 0 | H13: =SUM(D13+G13) -> 0 | J13: =[4]缶類!$B$43 +[4]缶類!$M$43 -> 0 | K13: =[4]缶類!$C$43 +[4]缶類!$N$43 -> 0 | L13: =SUM(J13:K13) -> 0 | M13: =[4]缶類!$D$43 +[4]缶類!$O$43 -> 0 | N13: =[4]缶類!$E$43 +[4]缶類!$P$43 -> 0 | O13: =SUM(M13:N13) -> 0 | P13: =ROUND(L13+O13,1) -> 0 | R13: =[4]紙類!$B$43 -> 0 | S13: =[4]紙類!$C$43 -> 0 | T13: =SUM(R13:S13) -> 0 | U13: =[4]紙類!$D$43 -> 0 | V13: =[4]紙類!$E$43 -> 0 | W13: =SUM(U13:V13) -> 0 | X13: =ROUND(T13+W13,1) -> 0
A14: 8 | I14: 8 | Q14: 8
B15: =[5]ペットボトル!$B$43 +[5]ペットボトル!$M$43 -> 0 | C15: =[5]ペットボトル!$C$43 +[5]ペットボトル!$N$43 -> 0 | D15: =SUM(B15:C15) -> 0 | E15: =[5]ペットボトル!$D$43 +[5]ペットボトル!$O$43 -> 0 | F15: =[5]ペットボトル!$E$43 +[5]ペットボトル!$P$43 -> 0 | G15: =SUM(E15:F15) -> 0 | H15: =SUM(D15+G15) -> 0 | J15: =[5]缶類!$B$43 +[5]缶類!$M$43 -> 0 | K15: =[5]缶類!$C$43 +[5]缶類!$N$43 -> 0 | L15: =SUM(J15:K15) -> 0 | M15: =[5]缶類!$D$43 +[5]缶類!$O$43 -> 0 | N15: =[5]缶類!$E$43 +[5]缶類!$P$43 -> 0 | O15: =SUM(M15:N15) -> 0 | P15: =ROUND(L15+O15,1) -> 0 | R15: =[5]紙類!$B$43 -> 0 | S15: =[5]紙類!$C$43 -> 0 | T15: =SUM(R15:S15) -> 0 | U15: =[5]紙類!$D$43 -> 0 | V15: =[5]紙類!$E$43 -> 0 | W15: =SUM(U15:V15) -> 0 | X15: =ROUND(T15+W15,1) -> 0
A16: 9 | I16: 9 | Q16: 9
B17: =[6]ペットボトル!$B$43 +[6]ペットボトル!$M$43 -> 0 | C17: =[6]ペットボトル!$C$43 +[6]ペットボトル!$N$43 -> 0 | D17: =SUM(B17:C17) -> 0 | E17: =[6]ペットボトル!$D$43 +[6]ペットボトル!$O$43 -> 0 | F17: =[6]ペットボトル!$E$43 +[6]ペットボトル!$P$43 -> 0 | G17: =SUM(E17:F17) -> 0 | H17: =SUM(D17+G17) -> 0 | J17: =[6]缶類!$B$43 +[6]缶類!$M$43 -> 0 | K17: =[6]缶類!$C$43 +[6]缶類!$N$43 -> 0 | L17: =SUM(J17:K17) -> 0 | M17: =[6]缶類!$D$43 +[6]缶類!$O$43 -> 0 | N17: =[6]缶類!$E$43 +[6]缶類!$P$43 -> 0 | O17: =SUM(M17:N17) -> 0 | P17: =ROUND(L17+O17,1) -> 0 | R17: =[6]紙類!$B$43 -> 0 | S17: =[6]紙類!$C$43 -> 0 | T17: =SUM(R17:S17) -> 0 | U17: =[6]紙類!$D$43 -> 0 | V17: =[6]紙類!$E$43 -> 0 | W17: =SUM(U17:V17) -> 0 | X17: =ROUND(T17+W17,1) -> 0
A18: 10 | I18: 10 | Q18: 10
B19: =[7]ペットボトル!$B$43 +[6]ペットボトル!$M$43 -> 0 | C19: =[7]ペットボトル!$C$43 +[6]ペットボトル!$N$43 -> 0 | D19: =SUM(B19:C19) -> 0 | E19: =[7]ペットボトル!$D$43 +[6]ペットボトル!$O$43 -> 0 | F19: =[7]ペットボトル!$E$43 +[6]ペットボトル!$P$43 -> 0 | G19: =SUM(E19:F19) -> 0 | H19: =SUM(D19+G19) -> 0 | J19: =[7]缶類!$B$43 +[7]缶類!$M$43 -> 0 | K19: =[7]缶類!$C$43 +[7]缶類!$N$43 -> 0 | L19: =SUM(J19:K19) -> 0 | M19: =[7]缶類!$D$43 +[7]缶類!$O$43 -> 0 | N19: =[7]缶類!$E$43 +[7]缶類!$P$43 -> 0 | O19: =SUM(M19:N19) -> 0 | P19: =ROUND(L19+O19,1) -> 0 | R19: =[7]紙類!$B$43 -> 0 | S19: =[7]紙類!$C$43 -> 0 | T19: =SUM(R19:S19) -> 0 | U19: =[7]紙類!$D$43 -> 0 | V19: =[7]紙類!$E$43 -> 0 | W19: =SUM(U19:V19) -> 0 | X19: =ROUND(T19+W19,1) -> 0
A20: 11 | I20: 11 | Q20: 11
B21: =[8]ペットボトル!$B$43 +[6]ペットボトル!$M$43 -> 0 | C21: =[8]ペットボトル!$C$43 +[6]ペットボトル!$N$43 -> 0 | D21: =SUM(B21:C21) -> 0 | E21: =[8]ペットボトル!$D$43 +[6]ペットボトル!$O$43 -> 0 | F21: =[8]ペットボトル!$E$43 +[6]ペットボトル!$P$43 -> 0 | G21: =SUM(E21:F21) -> 0 | H21: =SUM(D21+G21) -> 0 | J21: =[8]缶類!$B$43 +[8]缶類!$M$43 -> 0 | K21: =[8]缶類!$C$43 +[8]缶類!$N$43 -> 0 | L21: =SUM(J21:K21) -> 0 | M21: =[8]缶類!$D$43 +[8]缶類!$O$43 -> 0 | N21: =[8]缶類!$E$43 +[8]缶類!$P$43 -> 0 | O21: =SUM(M21:N21) -> 0 | P21: =ROUND(L21+O21,1) -> 0 | R21: =[8]紙類!$B$43 -> 0 | S21: =[8]紙類!$C$43 -> 0 | T21: =SUM(R21:S21) -> 0 | U21: =[8]紙類!$D$43 -> 0 | V21: =[8]紙類!$E$43 -> 0 | W21: =SUM(U21:V21) -> 0 | X21: =ROUND(T21+W21,1) -> 0
A22: 12 | I22: 12 | Q22: 12
B23: =[9]ペットボトル!$B$43 +[9]ペットボトル!$M$43 -> 0 | C23: =[9]ペットボトル!$C$43 +[9]ペットボトル!$N$43 -> 0 | D23: =SUM(B23:C23) -> 0 | E23: =[9]ペットボトル!$D$43 +[9]ペットボトル!$O$43 -> 0 | F23: =[9]ペットボトル!$E$43 +[9]ペットボトル!$P$43 -> 0 | G23: =SUM(E23:F23) -> 0 | H23: =SUM(D23+G23) -> 0 | J23: =[9]缶類!$B$43 +[9]缶類!$M$43 -> 0 | K23: =[9]缶類!$C$43 +[9]缶類!$N$43 -> 0 | L23: =SUM(J23:K23) -> 0 | M23: =[9]缶類!$D$43 +[9]缶類!$O$43 -> 0 | N23: =[9]缶類!$E$43 +[9]缶類!$P$43 -> 0 | O23: =SUM(M23:N23) -> 0 | P23: =ROUND(L23+O23,1) -> 0 | R23: =[9]紙類!$B$43 -> 0 | S23: =[9]紙類!$C$43 -> 0 | T23: =SUM(R23:S23) -> 0 | U23: =[9]紙類!$D$43 -> 0 | V23: =[9]紙類!$E$43 -> 0 | W23: =SUM(U23:V23) -> 0 | X23: =ROUND(T23+W23,1) -> 0
A24: 1 | I24: 1 | Q24: 1
B25: =[10]ペットボトル!$B$43 +[10]ペットボトル!$M$43 -> 0 | C25: =[10]ペットボトル!$C$43 +[10]ペットボトル!$N$43 -> 0 | D25: =SUM(B25:C25) -> 0 | E25: =[10]ペットボトル!$D$43 +[10]ペットボトル!$O$43 -> 0 | F25: =[10]ペットボトル!$E$43 +[10]ペットボトル!$P$43 -> 0 | G25: =SUM(E25:F25) -> 0 | H25: =SUM(D25+G25) -> 0 | J25: =[10]缶類!$B$43 +[10]缶類!$M$43 -> 0 | K25: =[10]缶類!$C$43 +[10]缶類!$N$43 -> 0 | L25: =SUM(J25:K25) -> 0 | M25: =[10]缶類!$D$43 +[10]缶類!$O$43 -> 0 | N25: =[10]缶類!$E$43 +[10]缶類!$P$43 -> 0 | O25: =SUM(M25:N25) -> 0 | P25: =ROUND(L25+O25,1) -> 0 | R25: =[10]紙類!$B$43 -> 0 | S25: =[10]紙類!$C$43 -> 0 | T25: =SUM(R25:S25) -> 0 | U25: =[10]紙類!$D$43 -> 0 | V25: =[10]紙類!$E$43 -> 0 | W25: =SUM(U25:V25) -> 0 | X25: =ROUND(T25+W25,1) -> 0
A26: 2 | I26: 2 | Q26: 2
B27: =[11]ペットボトル!$B$43 +[11]ペットボトル!$M$43 -> 0 | C27: =[11]ペットボトル!$C$43 +[11]ペットボトル!$N$43 -> 0 | D27: =SUM(B27:C27) -> 0 | E27: =[11]ペットボトル!$D$43 +[11]ペットボトル!$O$43 -> 0 | F27: =[11]ペットボトル!$E$43 +[11]ペットボトル!$P$43 -> 0 | G27: =SUM(E27:F27) -> 0 | H27: =SUM(D27+G27) -> 0 | J27: =[11]缶類!$B$43 +[11]缶類!$M$43 -> 0 | K27: =[11]缶類!$C$43 +[11]缶類!$N$43 -> 0 | L27: =SUM(J27:K27) -> 0 | M27: =[11]缶類!$D$43 +[11]缶類!$O$43 -> 0 | N27: =[11]缶類!$E$43 +[11]缶類!$P$43 -> 0 | O27: =SUM(M27:N27) -> 0 | P27: =ROUND(L27+O27,1) -> 0 | R27: =[11]紙類!$B$43 -> 0 | S27: =[11]紙類!$C$43 -> 0 | T27: =SUM(R27:S27) -> 0 | U27: =[11]紙類!$D$43 -> 0 | V27: =[11]紙類!$E$43 -> 0 | W27: =SUM(U27:V27) -> 0 | X27: =ROUND(T27+W27,1) -> 0
A28: 3 | I28: 3 | Q28: 3
B29: =[12]ペットボトル!$B$43 +[12]ペットボトル!$M$43 -> 0 | C29: =[12]ペットボトル!$C$43 +[12]ペットボトル!$N$43 -> 0 | D29: =SUM(B29:C29) -> 0 | E29: =[12]ペットボトル!$D$43 +[12]ペットボトル!$O$43 -> 0 | F29: =[12]ペットボトル!$E$43 +[12]ペットボトル!$P$43 -> 0 | G29: =SUM(E29:F29) -> 0 | H29: =SUM(D29+G29) -> 0 | J29: =[12]缶類!$B$43 +[12]缶類!$M$43 -> 0 | K29: =[12]缶類!$C$43 +[12]缶類!$N$43 -> 0 | L29: =SUM(J29:K29) -> 0 | M29: =[12]缶類!$D$43 +[12]缶類!$O$43 -> 0 | N29: =[12]缶類!$E$43 +[12]缶類!$P$43 -> 0 | O29: =SUM(M29:N29) -> 0 | P29: =ROUND(L29+O29,1) -> 0 | R29: =[12]紙類!$B$43 -> 0 | S29: =[12]紙類!$C$43 -> 0 | T29: =SUM(R29:S29) -> 0 | U29: =[12]紙類!$D$43 -> 0 | V29: =[12]紙類!$E$43 -> 0 | W29: =SUM(U29:V29) -> 0 | X29: =ROUND(T29+W29,1) -> 0
A31: 合計 | I31: 合計 | Q31: 合計
B32: =SUM(B7+B9+B11+B13+B15+B17+B19+B21+B23+B25+B27+B29) -> 0 | C32: =SUM(C7+C9+C11+C13+C15+C17+C19+C21+C23+C25+C27+C29) -> 0 | D32: =SUM(D7+D9+D11+D13+D15+D17+D19+D21+D23+D25+D27+D29) -> 0 | E32: =SUM(E7+E9+E11+E13+E15+E17+E19+E21+E23+E25+E27+E29) -> 0 | F32: =SUM(F7+F9+F11+F13+F15+F17+F19+F21+F23+F25+F27+F29) -> 0 | G32: =SUM(G7+G9+G11+G13+G15+G17+G19+G21+G23+G25+G27+G29) -> 0 | H32: =SUM(H6:H29) -> 0 | J32: =SUM(J7+J9+J11+J13+J15+J17+J19+J21+J23+J25+J27+J29) -> 0 | K32: =SUM(K7+K9+K11+K13+K15+K17+K19+K21+K23+K25+K27+K29) -> 0 | L32: =SUM(L7+L9+L11+L13+L15+L17+L19+L21+L23+L25+L27+L29) -> 0 | M32: =SUM(M7+M9+M11+M13+M15+M17+M19+M21+M23+M25+M27+M29) -> 0 | N32: =SUM(N7+N9+N11+N13+N15+N17+N19+N21+N23+N25+N27+N29) -> 0 | O32: =SUM(O7+O9+O11+O13+O15+O17+O19+O21+O23+O25+O27+O29) -> 0 | P32: =SUM(P6:P29) -> 0 | R32: =SUM(R7+R9+R11+R13+R15+R17+R19+R21+R23+R25+R27+R29) -> 0 | S32: =SUM(S7+S9+S11+S13+S15+S17+S19+S21+S23+S25+S27+S29) -> 0 | T32: =SUM(T7+T9+T11+T13+T15+T17+T19+T21+T23+T25+T27+T29) -> 0 | U32: =SUM(U7+U9+U11+U13+U15+U17+U19+U21+U23+U25+U27+U29) -> 0 | V32: =SUM(V7+V9+V11+V13+V15+V17+V19+V21+V23+V25+V27+V29) -> 0 | W32: =SUM(W7+W9+W11+W13+W15+W17+W19+W21+W23+W25+W27+W29) -> 0 | X32: =SUM(X6:X29) -> 0

Sheet 5-2
A1: ="令和"&'[1]A-1'!$E$9-2018&"年度 一般廃棄物(有価物)発生地区別集計表 【第5 - 2表】" -> 令和9年度 一般廃棄物(有価物)発生地区別集計表 【第5 - 2表】
B3: 【道路・海岸清掃搬入時】 | J3: 【粗大ごみ収集時】 | R3: 【粗大ごみ直接搬入時】 | X3: 単位：トン
A5: 月別 | B5: 鬼 脇 | C5: 鴛 泊 | D5: 富士計 | E5: 仙法志 | F5: 沓 形 | G5: 利尻計 | H5: 合 計 | I5: 月別 | J5: 鬼 脇 | K5: 鴛 泊 | L5: 富士計 | M5: 仙法志 | N5: 沓 形 | O5: 利尻計 | P5: 合 計 | Q5: 月別 | R5: 鬼 脇 | S5: 鴛 泊 | T5: 富士計 | U5: 仙法志 | V5: 沓 形 | W5: 利尻計 | X5: 合 計
A6: 4 | I6: 4 | Q6: 4
B7: =[1]不燃・木くず・海岸清掃!$Q$43 -> 0 | C7: =[1]不燃・木くず・海岸清掃!$R$43 -> 0 | D7: =SUM(B7:C7) -> 0 | E7: =[1]不燃・木くず・海岸清掃!$S$43 -> 0 | F7: =[1]不燃・木くず・海岸清掃!$T$43 -> 0 | G7: =SUM(E7:F7) -> 0 | H7: =SUM(D7+G7) -> 0 | J7: =[1]粗大!$G$43 -> 0 | K7: =[1]粗大!$H$43 -> 0 | L7: =SUM(J7:K7) -> 0 | M7: =[1]粗大!$I$43 -> 0 | N7: =[1]粗大!$J$43 -> 0 | O7: =SUM(M7:N7) -> 0 | P7: =ROUND(L7+O7,1) -> 0 | R7: =[1]粗大!$Q$43 -> 0 | S7: =[1]粗大!$R$43 -> 0 | T7: =SUM(R7:S7) -> 0 | U7: =[1]粗大!$S$43 -> 0 | V7: =[1]粗大!$T$43 -> 0 | W7: =SUM(U7:V7) -> 0 | X7: =ROUND(T7+W7,1) -> 0
A8: 5 | I8: 5 | Q8: 5
B9: =[2]不燃・木くず・海岸清掃!$Q$43 -> 0 | C9: =[2]不燃・木くず・海岸清掃!$R$43 -> 0 | D9: =SUM(B9:C9) -> 0 | E9: =[2]不燃・木くず・海岸清掃!$S$43 -> 0 | F9: =[2]不燃・木くず・海岸清掃!$T$43 -> 0 | G9: =SUM(E9:F9) -> 0 | H9: =SUM(D9+G9) -> 0 | J9: =[2]粗大!$G$43 -> 0 | K9: =[2]粗大!$H$43 -> 0 | L9: =SUM(J9:K9) -> 0 | M9: =[2]粗大!$I$43 -> 0 | N9: =[2]粗大!$J$43 -> 0 | O9: =SUM(M9:N9) -> 0 | P9: =ROUND(L9+O9,1) -> 0 | R9: =[2]粗大!$Q$43 -> 0 | S9: =[2]粗大!$R$43 -> 0 | T9: =SUM(R9:S9) -> 0 | U9: =[2]粗大!$S$43 -> 0 | V9: =[2]粗大!$T$43 -> 0 | W9: =SUM(U9:V9) -> 0 | X9: =ROUND(T9+W9,1) -> 0
A10: 6 | I10: 6 | Q10: 6
B11: =[3]不燃・木くず・海岸清掃!$Q$43 -> 0 | C11: =[3]不燃・木くず・海岸清掃!$R$43 -> 0 | D11: =SUM(B11:C11) -> 0 | E11: =[3]不燃・木くず・海岸清掃!$S$43 -> 0 | F11: =[3]不燃・木くず・海岸清掃!$T$43 -> 0 | G11: =SUM(E11:F11) -> 0 | H11: =SUM(D11+G11) -> 0 | J11: =[3]粗大!$G$43 -> 0 | K11: =[3]粗大!$H$43 -> 0 | L11: =SUM(J11:K11) -> 0 | M11: =[3]粗大!$I$43 -> 0 | N11: =[3]粗大!$J$43 -> 0 | O11: =SUM(M11:N11) -> 0 | P11: =ROUND(L11+O11,1) -> 0 | R11: =[3]粗大!$Q$43 -> 0 | S11: =[3]粗大!$R$43 -> 0 | T11: =SUM(R11:S11) -> 0 | U11: =[3]粗大!$S$43 -> 0 | V11: =[3]粗大!$T$43 -> 0 | W11: =SUM(U11:V11) -> 0 | X11: =ROUND(T11+W11,1) -> 0
A12: 7 | I12: 7 | Q12: 7
B13: =[4]不燃・木くず・海岸清掃!$Q$43 -> 0 | C13: =[4]不燃・木くず・海岸清掃!$R$43 -> 0 | D13: =SUM(B13:C13) -> 0 | E13: =[4]不燃・木くず・海岸清掃!$S$43 -> 0 | F13: =[4]不燃・木くず・海岸清掃!$T$43 -> 0 | G13: =SUM(E13:F13) -> 0 | H13: =SUM(D13+G13) -> 0 | J13: =[4]粗大!$G$43 -> 0 | K13: =[4]粗大!$H$43 -> 0 | L13: =SUM(J13:K13) -> 0 | M13: =[4]粗大!$I$43 -> 0 | N13: =[4]粗大!$J$43 -> 0 | O13: =SUM(M13:N13) -> 0 | P13: =ROUND(L13+O13,1) -> 0 | R13: =[4]粗大!$Q$43 -> 0 | S13: =[4]粗大!$R$43 -> 0 | T13: =SUM(R13:S13) -> 0 | U13: =[4]粗大!$S$43 -> 0 | V13: =[4]粗大!$T$43 -> 0 | W13: =SUM(U13:V13) -> 0 | X13: =ROUND(T13+W13,1) -> 0
A14: 8 | I14: 8 | Q14: 8
B15: =[5]不燃・木くず・海岸清掃!$Q$43 -> 0 | C15: =[5]不燃・木くず・海岸清掃!$R$43 -> 0 | D15: =SUM(B15:C15) -> 0 | E15: =[5]不燃・木くず・海岸清掃!$S$43 -> 0 | F15: =[5]不燃・木くず・海岸清掃!$T$43 -> 0 | G15: =SUM(E15:F15) -> 0 | H15: =SUM(D15+G15) -> 0 | J15: =[5]粗大!$G$43 -> 0 | K15: =[5]粗大!$H$43 -> 0 | L15: =SUM(J15:K15) -> 0 | M15: =[5]粗大!$I$43 -> 0 | N15: =[5]粗大!$J$43 -> 0 | O15: =SUM(M15:N15) -> 0 | P15: =ROUND(L15+O15,1) -> 0 | R15: =[5]粗大!$Q$43 -> 0 | S15: =[5]粗大!$R$43 -> 0 | T15: =SUM(R15:S15) -> 0 | U15: =[5]粗大!$S$43 -> 0 | V15: =[5]粗大!$T$43 -> 0 | W15: =SUM(U15:V15) -> 0 | X15: =ROUND(T15+W15,1) -> 0
A16: 9 | I16: 9 | Q16: 9
B17: =[6]不燃・木くず・海岸清掃!$Q$43 -> 0 | C17: =[6]不燃・木くず・海岸清掃!$R$43 -> 0 | D17: =SUM(B17:C17) -> 0 | E17: =[6]不燃・木くず・海岸清掃!$S$43 -> 0 | F17: =[6]不燃・木くず・海岸清掃!$T$43 -> 0 | G17: =SUM(E17:F17) -> 0 | H17: =SUM(D17+G17) -> 0 | J17: =[6]粗大!$G$43 -> 0 | K17: =[6]粗大!$H$43 -> 0 | L17: =SUM(J17:K17) -> 0 | M17: =[6]粗大!$I$43 -> 0 | N17: =[6]粗大!$J$43 -> 0 | O17: =SUM(M17:N17) -> 0 | P17: =ROUND(L17+O17,1) -> 0 | R17: =[6]粗大!$Q$43 -> 0 | S17: =[6]粗大!$R$43 -> 0 | T17: =SUM(R17:S17) -> 0 | U17: =[6]粗大!$S$43 -> 0 | V17: =[6]粗大!$T$43 -> 0 | W17: =SUM(U17:V17) -> 0 | X17: =ROUND(T17+W17,1) -> 0
A18: 10 | I18: 10 | Q18: 10
B19: =[7]不燃・木くず・海岸清掃!$Q$43 -> 0 | C19: =[7]不燃・木くず・海岸清掃!$R$43 -> 0 | D19: =SUM(B19:C19) -> 0 | E19: =[7]不燃・木くず・海岸清掃!$S$43 -> 0 | F19: =[7]不燃・木くず・海岸清掃!$T$43 -> 0 | G19: =SUM(E19:F19) -> 0 | H19: =SUM(D19+G19) -> 0 | J19: =[7]粗大!$G$43 -> 0 | K19: =[7]粗大!$H$43 -> 0 | L19: =SUM(J19:K19) -> 0 | M19: =[7]粗大!$I$43 -> 0 | N19: =[7]粗大!$J$43 -> 0 | O19: =SUM(M19:N19) -> 0 | P19: =ROUND(L19+O19,1) -> 0 | R19: =[7]粗大!$Q$43 -> 0 | S19: =[7]粗大!$R$43 -> 0 | T19: =SUM(R19:S19) -> 0 | U19: =[7]粗大!$S$43 -> 0 | V19: =[7]粗大!$T$43 -> 0 | W19: =SUM(U19:V19) -> 0 | X19: =ROUND(T19+W19,1) -> 0
A20: 11 | I20: 11 | Q20: 11
B21: =[8]不燃・木くず・海岸清掃!$Q$43 -> 0 | C21: =[8]不燃・木くず・海岸清掃!$R$43 -> 0 | D21: =SUM(B21:C21) -> 0 | E21: =[8]不燃・木くず・海岸清掃!$S$43 -> 0 | F21: =[8]不燃・木くず・海岸清掃!$T$43 -> 0 | G21: =SUM(E21:F21) -> 0 | H21: =SUM(D21+G21) -> 0 | J21: =[8]粗大!$G$43 -> 0 | K21: =[8]粗大!$H$43 -> 0 | L21: =SUM(J21:K21) -> 0 | M21: =[8]粗大!$I$43 -> 0 | N21: =[8]粗大!$J$43 -> 0 | O21: =SUM(M21:N21) -> 0 | P21: =ROUND(L21+O21,1) -> 0 | R21: =[8]粗大!$Q$43 -> 0 | S21: =[8]粗大!$R$43 -> 0 | T21: =SUM(R21:S21) -> 0 | U21: =[8]粗大!$S$43 -> 0 | V21: =[8]粗大!$T$43 -> 0 | W21: =SUM(U21:V21) -> 0 | X21: =ROUND(T21+W21,1) -> 0
A22: 12 | I22: 12 | Q22: 12
B23: =[9]不燃・木くず・海岸清掃!$Q$43 -> 0 | C23: =[9]不燃・木くず・海岸清掃!$R$43 -> 0 | D23: =SUM(B23:C23) -> 0 | E23: =[9]不燃・木くず・海岸清掃!$S$43 -> 0 | F23: =[9]不燃・木くず・海岸清掃!$T$43 -> 0 | G23: =SUM(E23:F23) -> 0 | H23: =SUM(D23+G23) -> 0 | J23: =[9]粗大!$G$43 -> 0 | K23: =[9]粗大!$H$43 -> 0 | L23: =SUM(J23:K23) -> 0 | M23: =[9]粗大!$I$43 -> 0 | N23: =[9]粗大!$J$43 -> 0 | O23: =SUM(M23:N23) -> 0 | P23: =ROUND(L23+O23,1) -> 0 | R23: =[9]粗大!$Q$43 -> 0 | S23: =[9]粗大!$R$43 -> 0 | T23: =SUM(R23:S23) -> 0 | U23: =[9]粗大!$S$43 -> 0 | V23: =[9]粗大!$T$43 -> 0 | W23: =SUM(U23:V23) -> 0 | X23: =ROUND(T23+W23,1) -> 0
A24: 1 | I24: 1 | Q24: 1
B25: =[10]不燃・木くず・海岸清掃!$Q$43 -> 0 | C25: =[10]不燃・木くず・海岸清掃!$R$43 -> 0 | D25: =SUM(B25:C25) -> 0 | E25: =[10]不燃・木くず・海岸清掃!$S$43 -> 0 | F25: =[10]不燃・木くず・海岸清掃!$T$43 -> 0 | G25: =SUM(E25:F25) -> 0 | H25: =SUM(D25+G25) -> 0 | J25: =[10]粗大!$G$43 -> 0 | K25: =[10]粗大!$H$43 -> 0 | L25: =SUM(J25:K25) -> 0 | M25: =[10]粗大!$I$43 -> 0 | N25: =[10]粗大!$J$43 -> 0 | O25: =SUM(M25:N25) -> 0 | P25: =ROUND(L25+O25,1) -> 0 | R25: =[10]粗大!$Q$43 -> 0 | S25: =[10]粗大!$R$43 -> 0 | T25: =SUM(R25:S25) -> 0 | U25: =[10]粗大!$S$43 -> 0 | V25: =[10]粗大!$T$43 -> 0 | W25: =SUM(U25:V25) -> 0 | X25: =ROUND(T25+W25,1) -> 0
A26: 2 | I26: 2 | Q26: 2
B27: =[11]不燃・木くず・海岸清掃!$Q$43 -> 0 | C27: =[11]不燃・木くず・海岸清掃!$R$43 -> 0 | D27: =SUM(B27:C27) -> 0 | E27: =[11]不燃・木くず・海岸清掃!$S$43 -> 0 | F27: =[11]不燃・木くず・海岸清掃!$T$43 -> 0 | G27: =SUM(E27:F27) -> 0 | H27: =SUM(D27+G27) -> 0 | J27: =[11]粗大!$G$43 -> 0 | K27: =[11]粗大!$H$43 -> 0 | L27: =SUM(J27:K27) -> 0 | M27: =[11]粗大!$I$43 -> 0 | N27: =[11]粗大!$J$43 -> 0 | O27: =SUM(M27:N27) -> 0 | P27: =ROUND(L27+O27,1) -> 0 | R27: =[11]粗大!$Q$43 -> 0 | S27: =[11]粗大!$R$43 -> 0 | T27: =SUM(R27:S27) -> 0 | U27: =[11]粗大!$S$43 -> 0 | V27: =[11]粗大!$T$43 -> 0 | W27: =SUM(U27:V27) -> 0 | X27: =ROUND(T27+W27,1) -> 0
A28: 3 | I28: 3 | Q28: 3
B29: =[12]不燃・木くず・海岸清掃!$Q$43 -> 0 | C29: =[12]不燃・木くず・海岸清掃!$R$43 -> 0 | D29: =SUM(B29:C29) -> 0 | E29: =[12]不燃・木くず・海岸清掃!$S$43 -> 0 | F29: =[12]不燃・木くず・海岸清掃!$T$43 -> 0 | G29: =SUM(E29:F29) -> 0 | H29: =SUM(D29+G29) -> 0 | J29: =[12]粗大!$G$43 -> 0 | K29: =[12]粗大!$H$43 -> 0 | L29: =SUM(J29:K29) -> 0 | M29: =[12]粗大!$I$43 -> 0 | N29: =[12]粗大!$J$43 -> 0 | O29: =SUM(M29:N29) -> 0 | P29: =ROUND(L29+O29,1) -> 0 | R29: =[12]粗大!$Q$43 -> 0 | S29: =[12]粗大!$R$43 -> 0 | T29: =SUM(R29:S29) -> 0 | U29: =[12]粗大!$S$43 -> 0 | V29: =[12]粗大!$T$43 -> 0 | W29: =SUM(U29:V29) -> 0 | X29: =ROUND(T29+W29,1) -> 0
A31: 合計 | I31: 合計 | Q31: 合計
B32: =SUM(B7+B9+B11+B13+B15+B17+B19+B21+B23+B25+B27+B29) -> 0 | C32: =SUM(C7+C9+C11+C13+C15+C17+C19+C21+C23+C25+C27+C29) -> 0 | D32: =SUM(D7+D9+D11+D13+D15+D17+D19+D21+D23+D25+D27+D29) -> 0 | E32: =SUM(E7+E9+E11+E13+E15+E17+E19+E21+E23+E25+E27+E29) -> 0 | F32: =SUM(F7+F9+F11+F13+F15+F17+F19+F21+F23+F25+F27+F29) -> 0 | G32: =SUM(G7+G9+G11+G13+G15+G17+G19+G21+G23+G25+G27+G29) -> 0 | H32: =SUM(H6:H29) -> 0 | J32: =SUM(J7+J9+J11+J13+J15+J17+J19+J21+J23+J25+J27+J29) -> 0 | K32: =SUM(K7+K9+K11+K13+K15+K17+K19+K21+K23+K25+K27+K29) -> 0 | L32: =SUM(L7+L9+L11+L13+L15+L17+L19+L21+L23+L25+L27+L29) -> 0 | M32: =SUM(M7+M9+M11+M13+M15+M17+M19+M21+M23+M25+M27+M29) -> 0 | N32: =SUM(N7+N9+N11+N13+N15+N17+N19+N21+N23+N25+N27+N29) -> 0 | O32: =SUM(O7+O9+O11+O13+O15+O17+O19+O21+O23+O25+O27+O29) -> 0 | P32: =SUM(P6:P29) -> 0 | R32: =SUM(R7+R9+R11+R13+R15+R17+R19+R21+R23+R25+R27+R29) -> 0 | S32: =SUM(S7+S9+S11+S13+S15+S17+S19+S21+S23+S25+S27+S29) -> 0 | T32: =SUM(T7+T9+T11+T13+T15+T17+T19+T21+T23+T25+T27+T29) -> 0 | U32: =SUM(U7+U9+U11+U13+U15+U17+U19+U21+U23+U25+U27+U29) -> 0 | V32: =SUM(V7+V9+V11+V13+V15+V17+V19+V21+V23+V25+V27+V29) -> 0 | W32: =SUM(W7+W9+W11+W13+W15+W17+W19+W21+W23+W25+W27+W29) -> 0 | X32: =SUM(X6:X29) -> 0
