Workbook

Sheet 別記様式４
A2: ="令和"&[13]Sheet1!$C$2&"年度 破砕処理施設維持管理状況報告書" -> 令和8年度 破砕処理施設維持管理状況報告書
A4: 施設設置者名 | C4: 利 尻 郡 清 掃 施 設 組 合
A5: 施設名 | C5: 利 尻 郡 ご み 焼 却 処 理 場
A6: 施設所在地 | C6: 北海道利尻郡利尻富士町鴛泊字大磯443番地
A7: 許可(届出)年月日 | C7: 37070 | F7: 許可番号 | H7: 環廃第 13-3号 | K7: 技術管理者名 | M7: 柴田和彦
A8: 処理能力 | C8: 6t／日 | F8: 処理方式 | H8: 衝撃剪断併用回転式
A10: ○ ごみ処理状況
C11: ４月 | D11: ５月 | E11: ６月 | F11: ７月 | G11: ８月 | H11: ９月 | I11: １０月 | J11: １１月 | K11: １２月 | L11: １月 | M11: ２月 | N11: ３月 | O11: 計
A12: ごみ搬入・処理量
B22: 月処理量(t)
B23: 日平均処理量(t)
A24: 有価物回収・製造量 | B24: 収集缶類(ｔ） | C24: =[1]缶類!$F$43 +[1]缶類!$Q$43 -> 0 | D24: =[2]缶類!$F$43 +[2]缶類!$Q$43 -> 0 | E24: =[3]缶類!$F$43 +[3]缶類!$Q$43 -> 0 | F24: =[4]缶類!$F$43 +[4]缶類!$Q$43 -> 0 | G24: =[5]缶類!$F$43 +[5]缶類!$Q$43 -> 0 | H24: =[6]缶類!$F$43 +[6]缶類!$Q$43 -> 0 | I24: =[7]缶類!$F$43 +[7]缶類!$Q$43 -> 0 | J24: =[8]缶類!$F$43 +[8]缶類!$Q$43 -> 0 | K24: =[9]缶類!$F$43 +[9]缶類!$Q$43 -> 0 | L24: =[10]缶類!$F$43 +[10]缶類!$Q$43 -> 0 | M24: =[11]缶類!$F$43 +[11]缶類!$Q$43 -> 0 | N24: =[12]缶類!$F$43 +[12]缶類!$Q$43 -> 0 | O24: =SUM(C24:N24) -> 0
B25: 収集ペットボトル（ｔ） | C25: =[1]ペットボトル!$F$43 +[1]ペットボトル!$Q$43 -> 0 | D25: =[2]ペットボトル!$F$43 +[2]ペットボトル!$Q$43 -> 0 | E25: =[3]ペットボトル!$F$43 +[3]ペットボトル!$Q$43 -> 0 | F25: =[4]ペットボトル!$F$43 +[4]ペットボトル!$Q$43 -> 0 | G25: =[5]ペットボトル!$F$43 +[5]ペットボトル!$Q$43 -> 0 | H25: =[6]ペットボトル!$F$43 +[6]ペットボトル!$Q$43 -> 0 | I25: =[7]ペットボトル!$F$43 +[7]ペットボトル!$Q$43 -> 0 | J25: =[8]ペットボトル!$F$43 +[8]ペットボトル!$Q$43 -> 0 | K25: =[9]ペットボトル!$F$43 +[9]ペットボトル!$Q$43 -> 0 | L25: =[10]ペットボトル!$F$43 +[10]ペットボトル!$Q$43 -> 0 | M25: =[11]ペットボトル!$F$43 +[11]ペットボトル!$Q$43 -> 0 | N25: =[12]ペットボトル!$F$43 +[12]ペットボトル!$Q$43 -> 0 | O25: =SUM(C25:N25) -> 0
B26: 収集紙類（ｔ） | C26: =[1]紙類!$F$43 -> 0 | D26: =[2]紙類!$F$43 -> 0 | E26: =[3]紙類!$F$43 -> 0 | F26: =[4]紙類!$F$43 -> 0 | G26: =[5]紙類!$F$43 -> 0 | H26: =[6]紙類!$F$43 -> 0 | I26: =[7]紙類!$F$43 -> 0 | J26: =[8]紙類!$F$43 -> 0 | K26: =[9]紙類!$F$43 -> 0 | L26: =[10]紙類!$F$43 -> 0 | M26: =[11]紙類!$F$43 -> 0 | N26: =[12]紙類!$F$43 -> 0 | O26: =SUM(C26:N26) -> 0
B27: 収集粗大鉄くず（ｔ） | C27: =[1]粗大!$K$43 -> 0 | D27: =[2]粗大!$K$43 -> 0 | E27: =[3]粗大!$K$43 -> 0 | F27: =[4]粗大!$K$43 -> 0 | G27: =[5]粗大!$K$43 -> 0 | H27: =[6]粗大!$K$43 -> 0 | I27: =[7]粗大!$K$43 -> 0 | J27: =[8]粗大!$K$43 -> 0 | K27: =[9]粗大!$K$43 -> 0 | L27: =[10]粗大!$K$43 -> 0 | M27: =[11]粗大!$K$43 -> 0 | N27: =[12]粗大!$K$43 -> 0 | O27: =SUM(C27:N27) -> 0
B28: 直搬粗大鉄くず（ｔ） | C28: =[1]粗大!$U$43 +[1]不燃・木くず・海岸清掃!$U$43 -> 0 | D28: =[2]粗大!$U$43 +[2]不燃・木くず・海岸清掃!$U$43 -> 0 | E28: =[3]粗大!$U$43 +[3]不燃・木くず・海岸清掃!$U$43 -> 0 | F28: =[4]粗大!$U$43 +[4]不燃・木くず・海岸清掃!$U$43 -> 0 | G28: =[5]粗大!$U$43 +[5]不燃・木くず・海岸清掃!$U$43 -> 0 | H28: =[6]粗大!$U$43 +[6]不燃・木くず・海岸清掃!$U$43 -> 0 | I28: =[7]粗大!$U$43 +[7]不燃・木くず・海岸清掃!$U$43 -> 0 | J28: =[8]粗大!$U$43 +[8]不燃・木くず・海岸清掃!$U$43 -> 0 | K28: =[9]粗大!$U$43 +[9]不燃・木くず・海岸清掃!$U$43 -> 0 | L28: =[10]粗大!$U$43 +[10]不燃・木くず・海岸清掃!$U$43 -> 0 | M28: =[11]粗大!$U$43 +[11]不燃・木くず・海岸清掃!$U$43 -> 0 | N28: =[12]粗大!$U$43 +[12]不燃・木くず・海岸清掃!$U$43 -> 0 | O28: =SUM(C28:N28) -> 0
B29: 計 | C29: =SUM(C24:C28) -> 0 | D29: =SUM(D24:D28) -> 0 | E29: =SUM(E24:E28) -> 0 | F29: =SUM(F24:F28) -> 0 | G29: =SUM(G24:G28) -> 0 | H29: =SUM(H24:H28) -> 0 | I29: =SUM(I24:I28) -> 0 | J29: =SUM(J24:J28) -> 0 | ... N29: =SUM(N24:N28) -> 0 | O29: =SUM(C29:N29) -> 0
A30: 残渣量 | B30: 焼却対象ごみ量(t)
B31: 埋立対象ごみ量(t)
B33: 計
